model,horizon,season,MAE,RMSE,R2,n
persistence,1,Kuruvai-2015,8.757767857142857,18.88163849673615,0.8508979030472033,112
random_forest,1,Kuruvai-2015,5.267794742280385,13.708241824483823,0.9214098878248378,112
adaboost,1,Kuruvai-2015,9.982447628534242,17.182515277748788,0.8765253306458558,112
xgboost_q50,1,Kuruvai-2015,5.580240849102183,12.860168347241297,0.9308331970579935,112
persistence,1,Kuruvai-2016,7.9106250000000005,15.155587224094711,0.8781304202812131,112
random_forest,1,Kuruvai-2016,5.623680247384347,11.01063476282532,0.935675785691094,112
adaboost,1,Kuruvai-2016,8.717282129957363,12.967297511560918,0.9107827717232738,112
xgboost_q50,1,Kuruvai-2016,5.523139894093786,10.220483370625448,0.9445766658375596,112
persistence,1,Kuruvai-2017,7.153482142857143,17.024319448323666,0.9016139332551087,112
random_forest,1,Kuruvai-2017,5.217686144399818,10.474007906422226,0.9627591252295664,112
adaboost,1,Kuruvai-2017,11.059598226286028,16.127721182316897,0.9117041905271621,112
xgboost_q50,1,Kuruvai-2017,5.383657565755504,9.442096880509645,0.9697356756054765,112
persistence,1,Kuruvai-2018,10.041696428571429,18.739488458295,0.7788891588838778,112
random_forest,1,Kuruvai-2018,7.183574354232634,13.705179202556629,0.8817328828579993,112
adaboost,1,Kuruvai-2018,10.361052243941819,15.074456542995957,0.8569203392290137,112
xgboost_q50,1,Kuruvai-2018,6.646879047615719,15.40145333206073,0.8506456135733778,112
persistence,1,Kuruvai-2019,8.204910714285715,16.757173330717634,0.8982783599545806,112
random_forest,1,Kuruvai-2019,5.714312250484691,11.271437347527415,0.9539774760336153,112
adaboost,1,Kuruvai-2019,7.9607510638923396,13.327946752724218,0.9356515147957225,112
xgboost_q50,1,Kuruvai-2019,5.750044674532753,11.197090261917522,0.9545826084137625,112
persistence,1,Kuruvai-2020,7.260535714285715,12.519333619874274,0.866270879051864,112
random_forest,1,Kuruvai-2020,6.339769214059351,10.933200447373881,0.8980098606667931,112
adaboost,1,Kuruvai-2020,10.055733111411614,14.463175418725188,0.8215194599160378,112
xgboost_q50,1,Kuruvai-2020,6.737370242561613,14.846195620898788,0.8119410869396672,112
persistence,1,Kuruvai-2021,7.305178571428571,13.480221357868826,0.7887023063006222,112
random_forest,1,Kuruvai-2021,5.648226168802475,12.613307449943472,0.8150055613029719,112
adaboost,1,Kuruvai-2021,8.39937153894123,16.571812550156956,0.6806692554414424,112
xgboost_q50,1,Kuruvai-2021,5.7709177686094435,13.124110984179875,0.7997186556235787,112
persistence,1,Kuruvai-2022,7.729374999999999,13.009501644402613,0.8557288978590442,112
random_forest,1,Kuruvai-2022,5.4524115885083555,10.725065219397033,0.901947671283462,112
adaboost,1,Kuruvai-2022,8.065654662112435,12.97244644133793,0.85654958747255,112
xgboost_q50,1,Kuruvai-2022,5.089052532911301,9.466306502348791,0.9236130529505756,112
persistence,1,Kuruvai-2023,8.193839285714287,19.264069000714407,0.7736793104980756,112
random_forest,1,Kuruvai-2023,5.603727957902486,13.755566831214963,0.8846054787364703,112
adaboost,1,Kuruvai-2023,10.260184274119,17.001830937781886,0.8237132813797357,112
xgboost_q50,1,Kuruvai-2023,5.579280734807253,14.649222398148899,0.8691248019464913,112
persistence,1,Kuruvai-2024,7.992678571428572,18.687512637358363,0.8849484138723014,112
random_forest,1,Kuruvai-2024,4.940730614816624,9.266426753420152,0.9717112207932953,112
adaboost,1,Kuruvai-2024,10.303086450448735,14.737438211729428,0.9284460511508027,112
xgboost_q50,1,Kuruvai-2024,4.862087586820125,8.832207454219429,0.9743002952273959,112
persistence,1,Samba-2015,5.868098591549296,8.964240186021126,0.9765660658868892,142
random_forest,1,Samba-2015,3.329442911787227,7.064721484235489,0.9854451301622946,142
adaboost,1,Samba-2015,5.974689235635371,9.425152751739162,0.9740943179703423,142
xgboost_q50,1,Samba-2015,3.3955706695981434,6.543517283344595,0.9875134993707738,142
persistence,1,Samba-2016,7.847464788732395,16.39139520052269,0.862886834931526,142
random_forest,1,Samba-2016,7.706148553233537,14.882491738076714,0.8869687283628557,142
adaboost,1,Samba-2016,11.157635233555618,19.59823042387252,0.8039887346011321,142
xgboost_q50,1,Samba-2016,7.147871285372637,16.31704242536861,0.864127927845341,142
persistence,1,Samba-2017,6.017535211267606,13.427483928416645,0.9399410869770582,142
random_forest,1,Samba-2017,4.019965787627669,8.617626774599746,0.9752620591068071,142
adaboost,1,Samba-2017,6.891915026662913,10.32661232548454,0.9644774665346573,142
xgboost_q50,1,Samba-2017,4.265272681813844,8.890478533832471,0.9736707516648487,142
persistence,1,Samba-2018,6.886549295774648,11.642736265435152,0.9414590472336807,142
random_forest,1,Samba-2018,5.1075020624720855,9.35784499688811,0.9621817558460477,142
adaboost,1,Samba-2018,7.610233609939771,12.19987105120776,0.9357223267716173,142
xgboost_q50,1,Samba-2018,4.960691076563279,9.446906698403868,0.9614584728453284,142
persistence,1,Samba-2019,6.207042253521125,7.852042256994914,0.8948861856048248,142
random_forest,1,Samba-2019,2.9196072928787187,3.8282511114530986,0.9750140783150728,142
adaboost,1,Samba-2019,4.942843044601243,6.314888440176778,0.9320129957350557,142
xgboost_q50,1,Samba-2019,2.725045574886698,3.7143677816057363,0.9764785361150196,142
persistence,1,Samba-2020,7.194859154929578,11.468012186997656,0.92695746519265,142
random_forest,1,Samba-2020,4.388685552526989,8.908919687586836,0.9559191832925836,142
adaboost,1,Samba-2020,7.2615321142375375,10.900121903865228,0.9340124119395721,142
xgboost_q50,1,Samba-2020,4.309193398381622,7.845476220003621,0.965814796830768,142
persistence,1,Samba-2021,5.79669014084507,8.9396666683297,0.9511170005412911,142
random_forest,1,Samba-2021,3.5211598685669796,5.508624340816802,0.9814389941067447,142
adaboost,1,Samba-2021,5.833017994939669,8.73338913599735,0.9533468665698572,142
xgboost_q50,1,Samba-2021,3.4487660753223257,5.349193096881792,0.9824978361193978,142
persistence,1,Samba-2022,6.293239436619717,9.560884513268443,0.9551598891311116,142
random_forest,1,Samba-2022,3.952388977947576,7.078688034562674,0.9754203282443624,142
adaboost,1,Samba-2022,6.14401703020931,9.378214368297208,0.9568569499939789,142
xgboost_q50,1,Samba-2022,4.127233388256019,7.07287731506328,0.9754606653679295,142
persistence,1,Samba-2023,7.719859154929579,15.110700154358486,0.9094586716389056,142
random_forest,1,Samba-2023,4.444105447592887,10.011546205273058,0.9602552290653591,142
adaboost,1,Samba-2023,7.321708439693358,11.385677507430383,0.9485961741917389,142
xgboost_q50,1,Samba-2023,4.151572021120031,9.676761088319406,0.9628689078238388,142
persistence,2,Kuruvai-2015,13.847027027027028,25.847855017564008,0.7228209956134071,111
random_forest,2,Kuruvai-2015,7.8195936006538895,18.216949545888216,0.8623226102898357,111
adaboost,2,Kuruvai-2015,13.498164072535907,19.728935597779717,0.8385200439055357,111
xgboost_q50,2,Kuruvai-2015,7.6667245430130135,18.58694774109179,0.8566731790381001,111
persistence,2,Kuruvai-2016,12.813693693693693,20.835845239558843,0.7711935847267772,111
random_forest,2,Kuruvai-2016,7.86348136390162,14.899940831601157,0.8829921394060783,111
adaboost,2,Kuruvai-2016,11.958131214135932,17.07421738833492,0.8463517691196388,111
xgboost_q50,2,Kuruvai-2016,7.987491738581444,15.31148566290991,0.8764392274249514,111
persistence,2,Kuruvai-2017,11.341711711711714,24.905433413484566,0.7909806627546268,111
random_forest,2,Kuruvai-2017,7.457182989650892,15.318516408299732,0.9209263709921086,111
adaboost,2,Kuruvai-2017,12.447795891481995,17.056566612652134,0.9019649244301564,111
xgboost_q50,2,Kuruvai-2017,7.034700382378725,13.362034636174657,0.9398350659592739,111
persistence,2,Kuruvai-2018,16.00738738738739,25.377927843337044,0.5980860100494811,111
random_forest,2,Kuruvai-2018,9.1944483806968,15.493328126473042,0.8502005411489503,111
adaboost,2,Kuruvai-2018,13.816883198304845,18.789815708465387,0.7796739501832954,111
xgboost_q50,2,Kuruvai-2018,8.301187970702715,15.393034933870092,0.8521336621347051,111
persistence,2,Kuruvai-2019,12.967837837837836,22.609344655822422,0.8157094080886846,111
random_forest,2,Kuruvai-2019,7.6751954721987525,13.066662192207913,0.9384459626728524,111
adaboost,2,Kuruvai-2019,10.909126178818466,17.03235919909307,0.8954132105867683,111
xgboost_q50,2,Kuruvai-2019,8.248590575853983,15.62971611404623,0.9119297161237063,111
persistence,2,Kuruvai-2020,10.692522522522522,17.102960783664553,0.7525886579261452,111
random_forest,2,Kuruvai-2020,9.711145216015051,16.00382505921135,0.7833670089538691,111
adaboost,2,Kuruvai-2020,13.286818555422593,18.70142462903847,0.70418077981609,111
xgboost_q50,2,Kuruvai-2020,8.967652472547583,17.928073478100828,0.728140663729558,111
persistence,2,Kuruvai-2021,10.143693693693693,17.715927607409974,0.6320747029043817,111
random_forest,2,Kuruvai-2021,7.60005825847571,13.754341168625503,0.7782255859578318,111
adaboost,2,Kuruvai-2021,10.912408204594284,18.419417464257943,0.6022743160670714,111
xgboost_q50,2,Kuruvai-2021,6.441056436359345,13.93725746910465,0.7722876939787379,111
persistence,2,Kuruvai-2022,11.984234234234235,18.050690411292422,0.723174992271249,111
random_forest,2,Kuruvai-2022,7.958224501597296,14.043124253473882,0.8324497182817313,111
adaboost,2,Kuruvai-2022,10.494387050369344,15.282510668755084,0.8015701058640048,111
xgboost_q50,2,Kuruvai-2022,6.95171819905977,12.256429973510874,0.8723720886856703,111
persistence,2,Kuruvai-2023,13.082522522522527,26.323312382273905,0.5791278877900874,111
random_forest,2,Kuruvai-2023,6.016050427870221,10.115737569632634,0.9378467014272082,111
adaboost,2,Kuruvai-2023,12.280509099242126,15.187672310940172,0.8598956851216892,111
xgboost_q50,2,Kuruvai-2023,6.115656475666408,9.953959424017498,0.939818805104672,111
persistence,2,Kuruvai-2024,12.645765765765766,27.251340557157224,0.7556569210130915,111
random_forest,2,Kuruvai-2024,6.609473565066556,12.667653815946489,0.9472020971306059,111
adaboost,2,Kuruvai-2024,13.070598738093567,16.103247929347507,0.9146799190319602,111
xgboost_q50,2,Kuruvai-2024,7.4838811015223605,15.622994354367066,0.9196931018538437,111
persistence,2,Samba-2015,8.77290780141844,12.717770891705067,0.9530929284787111,141
random_forest,2,Samba-2015,4.434925700078161,8.66675272266365,0.9782164259009082,141
adaboost,2,Samba-2015,7.450836075331079,10.703821306357264,0.9667727784988452,141
xgboost_q50,2,Samba-2015,4.562016304953302,8.189986535608746,0.9805471740196987,141
persistence,2,Samba-2016,11.895531914893617,22.266546528957765,0.7487623071288156,141
random_forest,2,Samba-2016,11.318387328824983,19.983051419127293,0.7976502466998174,141
adaboost,2,Samba-2016,14.53453382744161,22.18211544658658,0.7506639988522079,141
xgboost_q50,2,Samba-2016,10.005409665014728,18.318165811202384,0.8299631546049047,141
persistence,2,Samba-2017,9.047446808510639,17.62179906047222,0.8972700393805133,141
random_forest,2,Samba-2017,5.716074000367398,11.81036945181532,0.9538551117025309,141
adaboost,2,Samba-2017,8.77842456790679,13.005788013362677,0.9440409962354314,141
xgboost_q50,2,Samba-2017,6.005987322753202,12.372416996721158,0.9493585968938081,141
persistence,2,Samba-2018,11.015460992907801,16.523772902154818,0.8823200202376769,141
random_forest,2,Samba-2018,7.296508241941329,12.554694326076111,0.9320645531326122,141
adaboost,2,Samba-2018,9.636450806029105,14.775579540359708,0.9059035588224187,141
xgboost_q50,2,Samba-2018,6.645393290874806,11.612788561156778,0.9418757733714889,141
persistence,2,Samba-2019,9.02645390070922,11.167442769684758,0.787354482314679,141
random_forest,2,Samba-2019,3.9421991724372614,5.232492505341331,0.9533162223760636,141
adaboost,2,Samba-2019,6.096731725953179,7.845333036039862,0.8950526371067775,141
xgboost_q50,2,Samba-2019,4.255465227323222,5.593353556763844,0.9466550508144269,141
persistence,2,Samba-2020,11.097234042553191,16.146265426842287,0.8548190440434098,141
random_forest,2,Samba-2020,6.325478764213873,11.171103467485404,0.9305043493635313,141
adaboost,2,Samba-2020,9.339760992488248,14.076586012120217,0.8896530958319452,141
xgboost_q50,2,Samba-2020,5.571560658174204,8.94133477371789,0.9554784589928151,141
persistence,2,Samba-2021,8.112836879432624,12.750503842082098,0.9012136272134268,141
random_forest,2,Samba-2021,4.832864545504498,7.649818856395138,0.9644414003627254,141
adaboost,2,Samba-2021,7.022592445427382,11.131622346502331,0.9247061898890563,141
xgboost_q50,2,Samba-2021,4.371023107995378,7.074688190713169,0.9695871616493622,141
persistence,2,Samba-2022,9.045886524822695,13.180298832157202,0.9153515700808583,141
random_forest,2,Samba-2022,5.39542934566433,8.123884186408985,0.9678414957909595,141
adaboost,2,Samba-2022,7.956808022683324,11.304806062330432,0.937727740257633,141
xgboost_q50,2,Samba-2022,5.341593984712101,8.529659767666713,0.9645487290281887,141
persistence,2,Samba-2023,11.506170212765959,20.829401495642323,0.8276275167931813,141
random_forest,2,Samba-2023,6.95964212571925,13.226632526788972,0.9304954987664069,141
adaboost,2,Samba-2023,9.618783826810644,15.900796262189498,0.899549500293811,141
xgboost_q50,2,Samba-2023,6.964674110953689,14.68718028955515,0.9142979505537658,141
persistence,3,Kuruvai-2015,18.421727272727274,31.128214576606748,0.6013932372076163,110
random_forest,3,Kuruvai-2015,9.250073228459934,19.14690066899017,0.8491889345663862,110
adaboost,3,Kuruvai-2015,15.006098026364556,21.011008184188032,0.8183940708376019,110
xgboost_q50,3,Kuruvai-2015,10.76406020121141,21.01872195100419,0.8182607004702703,110
persistence,3,Kuruvai-2016,16.601090909090914,24.449372886547714,0.6869876294456265,110
random_forest,3,Kuruvai-2016,9.016327408720388,13.586167110698199,0.9033459720373366,110
adaboost,3,Kuruvai-2016,13.60366109372799,16.944387223972097,0.8496588774811378,110
xgboost_q50,3,Kuruvai-2016,9.766960459405723,18.017768961122947,0.8300081576554788,110
persistence,3,Kuruvai-2017,15.11281818181818,31.236077087531044,0.6738982604406893,110
random_forest,3,Kuruvai-2017,8.560052191968765,13.564387003098856,0.9385049034468186,110
adaboost,3,Kuruvai-2017,13.330797030328569,17.711574311495063,0.8951533702434442,110
xgboost_q50,3,Kuruvai-2017,8.550884923306377,16.10881517891377,0.9132704004576896,110
persistence,3,Kuruvai-2018,21.789272727272728,30.59424060475792,0.4210906316425105,110
random_forest,3,Kuruvai-2018,11.938027079480381,18.58074715200289,0.7864706544472173,110
adaboost,3,Kuruvai-2018,16.63870432994841,21.58821516107971,0.7117530651703547,110
xgboost_q50,3,Kuruvai-2018,10.939984948071567,19.043897506559304,0.7756929658834444,110
persistence,3,Kuruvai-2019,17.482,27.45503749107554,0.7299468762497008,110
random_forest,3,Kuruvai-2019,8.946079989516502,14.675621049252571,0.9228389549559357,110
adaboost,3,Kuruvai-2019,12.29343538803538,18.370389453017463,0.8790956713291059,110
xgboost_q50,3,Kuruvai-2019,9.92434176957607,17.48959015209271,0.8904116500603396,110
persistence,3,Kuruvai-2020,14.222181818181818,21.658520893004845,0.6064292901995105,110
random_forest,3,Kuruvai-2020,10.971732540430489,18.43223025790804,0.7149500590847848,110
adaboost,3,Kuruvai-2020,14.17079851825877,21.147307703759544,0.6247891829286463,110
xgboost_q50,3,Kuruvai-2020,10.633629769476977,19.64403348166219,0.6762375240770259,110
persistence,3,Kuruvai-2021,13.332454545454548,21.36400483821497,0.457760166372312,110
random_forest,3,Kuruvai-2021,9.519169143025016,16.671571192747102,0.6697984210680086,110
adaboost,3,Kuruvai-2021,11.51662534835231,18.497557076927425,0.5935053490583211,110
xgboost_q50,3,Kuruvai-2021,8.234767576778475,11.453905961928127,0.8441404890129866,110
persistence,3,Kuruvai-2022,15.52372727272727,21.74057298316591,0.6006012638245384,110
random_forest,3,Kuruvai-2022,9.838481054805344,15.959546210211522,0.784768520244509,110
adaboost,3,Kuruvai-2022,12.326829982571013,17.059860290569492,0.7540676527089609,110
xgboost_q50,3,Kuruvai-2022,9.176231842973015,14.163867025248393,0.8304770910719753,110
persistence,3,Kuruvai-2023,17.311818181818182,31.48317152211494,0.4014034699751644,110
random_forest,3,Kuruvai-2023,7.610090735404079,11.615322786349216,0.918522103095575,110
adaboost,3,Kuruvai-2023,13.916550756713313,17.109380940367448,0.8232148277363804,110
xgboost_q50,3,Kuruvai-2023,8.259311514036222,14.082156604219,0.880238953181004,110
persistence,3,Kuruvai-2024,17.473363636363636,33.9711632926302,0.620941494690585,110
random_forest,3,Kuruvai-2024,7.957349985418127,12.069983621830358,0.9521481459387153,110
adaboost,3,Kuruvai-2024,16.79734317250126,20.47275827469198,0.8623303763030974,110
xgboost_q50,3,Kuruvai-2024,9.434539346781644,17.473016070877208,0.8997184216716091,110
persistence,3,Samba-2015,11.598571428571429,15.803912580659983,0.9279771826972436,140
random_forest,3,Samba-2015,5.2432111668443335,9.629064894848144,0.9732632204383911,140
adaboost,3,Samba-2015,8.168639264441206,12.04837501836034,0.9581401351306679,140
xgboost_q50,3,Samba-2015,5.136864399194717,9.236990158161914,0.9753962202889838,140
persistence,3,Samba-2016,15.871642857142856,27.137422040422333,0.6265706829809834,140
random_forest,3,Samba-2016,13.880478707260133,23.180858317631802,0.7275227435499195,140
adaboost,3,Samba-2016,17.04580485255188,24.02096149713773,0.7074150339811225,140
xgboost_q50,3,Samba-2016,12.127103184665952,19.121541993492478,0.8145968724870631,140
persistence,3,Samba-2017,11.67492857142857,20.972504023125136,0.8554584475486376,140
random_forest,3,Samba-2017,6.738989264630329,11.544734481549414,0.9562014190152492,140
adaboost,3,Samba-2017,10.20938522389415,15.047196602180406,0.9255947923693151,140
xgboost_q50,3,Samba-2017,8.013155607972827,13.875109555372752,0.9367347856182693,140
persistence,3,Samba-2018,14.558571428571428,20.460949740559805,0.81968832999552,140
random_forest,3,Samba-2018,8.716449220317696,14.515810407821066,0.9092482866687274,140
adaboost,3,Samba-2018,11.330264674230053,16.669032976392096,0.8803278564653922,140
xgboost_q50,3,Samba-2018,8.642209109919412,14.358126651336557,0.911209230804817,140
persistence,3,Samba-2019,11.5055,14.2393727038799,0.6547823073935194,140
random_forest,3,Samba-2019,4.909071667361296,6.49108291801034,0.9282625980237922,140
adaboost,3,Samba-2019,7.744797419033038,9.959834837277807,0.831105462414525,140
xgboost_q50,3,Samba-2019,5.1779846126011435,6.923374680030076,0.9183893190805565,140
persistence,3,Samba-2020,14.316785714285714,19.466800731355054,0.7904609998439178,140
random_forest,3,Samba-2020,7.521097010640754,12.451772595697049,0.9142689659668537,140
adaboost,3,Samba-2020,10.475216236400538,15.447282463124662,0.8680589680288376,140
xgboost_q50,3,Samba-2020,7.6248474372582775,12.168702186980433,0.9181225656380696,140
persistence,3,Samba-2021,10.0655,15.581988021888789,0.8534228403722406,140
random_forest,3,Samba-2021,5.942359734955223,9.414821213202364,0.9464887958673541,140
adaboost,3,Samba-2021,8.469603926254551,12.463633391301977,0.9062200705961558,140
xgboost_q50,3,Samba-2021,6.164689110617553,9.886045044986561,0.9409981350380552,140
persistence,3,Samba-2022,11.952285714285715,16.68537661718017,0.8652801935981655,140
random_forest,3,Samba-2022,6.976277560450226,10.31387386300769,0.9485242060449176,140
adaboost,3,Samba-2022,9.583645745375453,13.097742169049319,0.9169858173216566,140
xgboost_q50,3,Samba-2022,6.846020339471953,9.827254207379665,0.9532669847406541,140
persistence,3,Samba-2023,14.884071428571428,25.385597280460317,0.74314486328219,140
random_forest,3,Samba-2023,8.390601309880454,14.318410603768765,0.9182847510868942,140
adaboost,3,Samba-2023,11.571542994659357,17.7586461148173,0.8743006045156645,140
xgboost_q50,3,Samba-2023,10.103075306526252,18.25410199146101,0.8671888831873589,140
