label,model,horizon,MAE,R2,perc_delta,kc_delta
perc-30%_kc-30%,persistence,1,5.997,0.903,-0.3,-0.3
perc-30%_kc-30%,persistence,2,8.633,0.821,-0.3,-0.3
perc-30%_kc-30%,persistence,3,11.22,0.727,-0.3,-0.3
perc-30%_kc-30%,random_forest,1,3.738,0.958,-0.3,-0.3
perc-30%_kc-30%,random_forest,2,5.227,0.93,-0.3,-0.3
perc-30%_kc-30%,random_forest,3,6.218,0.914,-0.3,-0.3
perc-30%_kc-30%,xgboost,1,3.631,0.964,-0.3,-0.3
perc-30%_kc-30%,xgboost,2,5.236,0.933,-0.3,-0.3
perc-30%_kc-30%,xgboost,3,6.72,0.899,-0.3,-0.3
perc-30%_kc-15%,persistence,1,6.638,0.889,-0.3,-0.15
perc-30%_kc-15%,persistence,2,9.912,0.788,-0.3,-0.15
perc-30%_kc-15%,persistence,3,13.101,0.683,-0.3,-0.15
perc-30%_kc-15%,random_forest,1,4.534,0.941,-0.3,-0.15
perc-30%_kc-15%,random_forest,2,6.365,0.901,-0.3,-0.15
perc-30%_kc-15%,random_forest,3,7.626,0.874,-0.3,-0.15
perc-30%_kc-15%,xgboost,1,4.27,0.947,-0.3,-0.15
perc-30%_kc-15%,xgboost,2,5.71,0.912,-0.3,-0.15
perc-30%_kc-15%,xgboost,3,7.427,0.873,-0.3,-0.15
perc-30%_kc+0%,persistence,1,7.076,0.881,-0.3,0.0
perc-30%_kc+0%,persistence,2,10.948,0.775,-0.3,0.0
perc-30%_kc+0%,persistence,3,14.348,0.674,-0.3,0.0
perc-30%_kc+0%,random_forest,1,5.102,0.931,-0.3,0.0
perc-30%_kc+0%,random_forest,2,6.744,0.893,-0.3,0.0
perc-30%_kc+0%,random_forest,3,8.453,0.857,-0.3,0.0
perc-30%_kc+0%,xgboost,1,4.769,0.94,-0.3,0.0
perc-30%_kc+0%,xgboost,2,6.362,0.899,-0.3,0.0
perc-30%_kc+0%,xgboost,3,8.593,0.851,-0.3,0.0
perc-30%_kc+15%,persistence,1,7.536,0.887,-0.3,0.15
perc-30%_kc+15%,persistence,2,11.756,0.785,-0.3,0.15
perc-30%_kc+15%,persistence,3,15.541,0.69,-0.3,0.15
perc-30%_kc+15%,random_forest,1,5.48,0.936,-0.3,0.15
perc-30%_kc+15%,random_forest,2,7.809,0.901,-0.3,0.15
perc-30%_kc+15%,random_forest,3,9.868,0.864,-0.3,0.15
perc-30%_kc+15%,xgboost,1,5.062,0.935,-0.3,0.15
perc-30%_kc+15%,xgboost,2,6.726,0.913,-0.3,0.15
perc-30%_kc+15%,xgboost,3,8.861,0.869,-0.3,0.15
perc-30%_kc+30%,persistence,1,8.112,0.872,-0.3,0.3
perc-30%_kc+30%,persistence,2,12.833,0.755,-0.3,0.3
perc-30%_kc+30%,persistence,3,17.075,0.646,-0.3,0.3
perc-30%_kc+30%,random_forest,1,6.124,0.92,-0.3,0.3
perc-30%_kc+30%,random_forest,2,8.203,0.887,-0.3,0.3
perc-30%_kc+30%,random_forest,3,10.132,0.853,-0.3,0.3
perc-30%_kc+30%,xgboost,1,5.22,0.923,-0.3,0.3
perc-30%_kc+30%,xgboost,2,7.28,0.889,-0.3,0.3
perc-30%_kc+30%,xgboost,3,9.593,0.845,-0.3,0.3
perc-15%_kc-30%,persistence,1,6.205,0.892,-0.15,-0.3
perc-15%_kc-30%,persistence,2,8.997,0.798,-0.15,-0.3
perc-15%_kc-30%,persistence,3,11.614,0.699,-0.15,-0.3
perc-15%_kc-30%,random_forest,1,4.044,0.939,-0.15,-0.3
perc-15%_kc-30%,random_forest,2,5.544,0.907,-0.15,-0.3
perc-15%_kc-30%,random_forest,3,7.037,0.871,-0.15,-0.3
perc-15%_kc-30%,xgboost,1,3.854,0.948,-0.15,-0.3
perc-15%_kc-30%,xgboost,2,5.371,0.912,-0.15,-0.3
perc-15%_kc-30%,xgboost,3,7.084,0.874,-0.15,-0.3
perc-15%_kc-15%,persistence,1,6.707,0.897,-0.15,-0.15
perc-15%_kc-15%,persistence,2,10.113,0.798,-0.15,-0.15
perc-15%_kc-15%,persistence,3,13.34,0.698,-0.15,-0.15
perc-15%_kc-15%,random_forest,1,4.718,0.942,-0.15,-0.15
perc-15%_kc-15%,random_forest,2,6.185,0.91,-0.15,-0.15
perc-15%_kc-15%,random_forest,3,7.454,0.892,-0.15,-0.15
perc-15%_kc-15%,xgboost,1,4.243,0.954,-0.15,-0.15
perc-15%_kc-15%,xgboost,2,5.834,0.912,-0.15,-0.15
perc-15%_kc-15%,xgboost,3,7.562,0.882,-0.15,-0.15
perc-15%_kc+0%,persistence,1,7.176,0.892,-0.15,0.0
perc-15%_kc+0%,persistence,2,11.014,0.796,-0.15,0.0
perc-15%_kc+0%,persistence,3,14.643,0.693,-0.15,0.0
perc-15%_kc+0%,random_forest,1,4.941,0.942,-0.15,0.0
perc-15%_kc+0%,random_forest,2,6.943,0.912,-0.15,0.0
perc-15%_kc+0%,random_forest,3,8.641,0.884,-0.15,0.0
perc-15%_kc+0%,xgboost,1,4.585,0.943,-0.15,0.0
perc-15%_kc+0%,xgboost,2,6.504,0.903,-0.15,0.0
perc-15%_kc+0%,xgboost,3,8.335,0.872,-0.15,0.0
perc-15%_kc+15%,persistence,1,7.746,0.882,-0.15,0.15
perc-15%_kc+15%,persistence,2,12.079,0.779,-0.15,0.15
perc-15%_kc+15%,persistence,3,15.896,0.683,-0.15,0.15
perc-15%_kc+15%,random_forest,1,5.584,0.934,-0.15,0.15
perc-15%_kc+15%,random_forest,2,7.956,0.898,-0.15,0.15
perc-15%_kc+15%,random_forest,3,10.06,0.858,-0.15,0.15
perc-15%_kc+15%,xgboost,1,5.175,0.934,-0.15,0.15
perc-15%_kc+15%,xgboost,2,6.842,0.908,-0.15,0.15
perc-15%_kc+15%,xgboost,3,8.877,0.866,-0.15,0.15
perc-15%_kc+30%,persistence,1,8.232,0.869,-0.15,0.3
perc-15%_kc+30%,persistence,2,13.094,0.748,-0.15,0.3
perc-15%_kc+30%,persistence,3,17.389,0.632,-0.15,0.3
perc-15%_kc+30%,random_forest,1,6.0,0.914,-0.15,0.3
perc-15%_kc+30%,random_forest,2,8.064,0.873,-0.15,0.3
perc-15%_kc+30%,random_forest,3,10.243,0.83,-0.15,0.3
perc-15%_kc+30%,xgboost,1,5.206,0.919,-0.15,0.3
perc-15%_kc+30%,xgboost,2,7.299,0.873,-0.15,0.3
perc-15%_kc+30%,xgboost,3,9.449,0.826,-0.15,0.3
perc+0%_kc-30%,persistence,1,6.363,0.878,0.0,-0.3
perc+0%_kc-30%,persistence,2,9.33,0.765,0.0,-0.3
perc+0%_kc-30%,persistence,3,12.112,0.651,0.0,-0.3
perc+0%_kc-30%,random_forest,1,4.231,0.935,0.0,-0.3
perc+0%_kc-30%,random_forest,2,5.992,0.88,0.0,-0.3
perc+0%_kc-30%,random_forest,3,7.455,0.839,0.0,-0.3
perc+0%_kc-30%,xgboost,1,4.091,0.935,0.0,-0.3
perc+0%_kc-30%,xgboost,2,5.551,0.889,0.0,-0.3
perc+0%_kc-30%,xgboost,3,7.025,0.844,0.0,-0.3
perc+0%_kc-15%,persistence,1,6.734,0.895,0.0,-0.15
perc+0%_kc-15%,persistence,2,10.267,0.793,0.0,-0.15
perc+0%_kc-15%,persistence,3,13.578,0.692,0.0,-0.15
perc+0%_kc-15%,random_forest,1,4.719,0.942,0.0,-0.15
perc+0%_kc-15%,random_forest,2,6.42,0.903,0.0,-0.15
perc+0%_kc-15%,random_forest,3,7.783,0.883,0.0,-0.15
perc+0%_kc-15%,xgboost,1,4.184,0.953,0.0,-0.15
perc+0%_kc-15%,xgboost,2,5.849,0.911,0.0,-0.15
perc+0%_kc-15%,xgboost,3,7.666,0.878,0.0,-0.15
perc+0%_kc+0%,persistence,1,7.247,0.895,0.0,0.0
perc+0%_kc+0%,persistence,2,11.227,0.799,0.0,0.0
perc+0%_kc+0%,persistence,3,14.86,0.702,0.0,0.0
perc+0%_kc+0%,random_forest,1,4.834,0.947,0.0,0.0
perc+0%_kc+0%,random_forest,2,7.272,0.906,0.0,0.0
perc+0%_kc+0%,random_forest,3,8.851,0.879,0.0,0.0
perc+0%_kc+0%,xgboost,1,4.575,0.946,0.0,0.0
perc+0%_kc+0%,xgboost,2,6.636,0.906,0.0,0.0
perc+0%_kc+0%,xgboost,3,8.496,0.881,0.0,0.0
perc+0%_kc+15%,persistence,1,7.82,0.877,0.0,0.15
perc+0%_kc+15%,persistence,2,12.265,0.769,0.0,0.15
perc+0%_kc+15%,persistence,3,16.347,0.659,0.0,0.15
perc+0%_kc+15%,random_forest,1,5.775,0.916,0.0,0.15
perc+0%_kc+15%,random_forest,2,8.359,0.866,0.0,0.15
perc+0%_kc+15%,random_forest,3,10.635,0.829,0.0,0.15
perc+0%_kc+15%,xgboost,1,5.317,0.92,0.0,0.15
perc+0%_kc+15%,xgboost,2,7.476,0.863,0.0,0.15
perc+0%_kc+15%,xgboost,3,9.412,0.834,0.0,0.15
perc+0%_kc+30%,persistence,1,8.464,0.874,0.0,0.3
perc+0%_kc+30%,persistence,2,13.697,0.758,0.0,0.3
perc+0%_kc+30%,persistence,3,18.185,0.646,0.0,0.3
perc+0%_kc+30%,random_forest,1,5.829,0.938,0.0,0.3
perc+0%_kc+30%,random_forest,2,8.04,0.907,0.0,0.3
perc+0%_kc+30%,random_forest,3,9.929,0.876,0.0,0.3
perc+0%_kc+30%,xgboost,1,5.293,0.932,0.0,0.3
perc+0%_kc+30%,xgboost,2,7.652,0.877,0.0,0.3
perc+0%_kc+30%,xgboost,3,10.248,0.844,0.0,0.3
perc+15%_kc-30%,persistence,1,6.279,0.896,0.15,-0.3
perc+15%_kc-30%,persistence,2,9.289,0.8,0.15,-0.3
perc+15%_kc-30%,persistence,3,12.122,0.702,0.15,-0.3
perc+15%_kc-30%,random_forest,1,3.921,0.953,0.15,-0.3
perc+15%_kc-30%,random_forest,2,5.256,0.925,0.15,-0.3
perc+15%_kc-30%,random_forest,3,6.672,0.892,0.15,-0.3
perc+15%_kc-30%,xgboost,1,3.803,0.96,0.15,-0.3
perc+15%_kc-30%,xgboost,2,5.397,0.924,0.15,-0.3
perc+15%_kc-30%,xgboost,3,6.942,0.889,0.15,-0.3
perc+15%_kc-15%,persistence,1,6.98,0.883,0.15,-0.15
perc+15%_kc-15%,persistence,2,10.515,0.774,0.15,-0.15
perc+15%_kc-15%,persistence,3,13.944,0.66,0.15,-0.15
perc+15%_kc-15%,random_forest,1,4.857,0.928,0.15,-0.15
perc+15%_kc-15%,random_forest,2,6.737,0.882,0.15,-0.15
perc+15%_kc-15%,random_forest,3,8.259,0.855,0.15,-0.15
perc+15%_kc-15%,xgboost,1,4.64,0.934,0.15,-0.15
perc+15%_kc-15%,xgboost,2,6.258,0.892,0.15,-0.15
perc+15%_kc-15%,xgboost,3,7.983,0.849,0.15,-0.15
perc+15%_kc+0%,persistence,1,7.336,0.885,0.15,0.0
perc+15%_kc+0%,persistence,2,11.452,0.778,0.15,0.0
perc+15%_kc+0%,persistence,3,15.23,0.667,0.15,0.0
perc+15%_kc+0%,random_forest,1,4.99,0.938,0.15,0.0
perc+15%_kc+0%,random_forest,2,7.368,0.9,0.15,0.0
perc+15%_kc+0%,random_forest,3,8.84,0.869,0.15,0.0
perc+15%_kc+0%,xgboost,1,4.666,0.937,0.15,0.0
perc+15%_kc+0%,xgboost,2,6.611,0.9,0.15,0.0
perc+15%_kc+0%,xgboost,3,8.814,0.861,0.15,0.0
perc+15%_kc+15%,persistence,1,7.871,0.879,0.15,0.15
perc+15%_kc+15%,persistence,2,12.337,0.773,0.15,0.15
perc+15%_kc+15%,persistence,3,16.283,0.674,0.15,0.15
perc+15%_kc+15%,random_forest,1,5.568,0.93,0.15,0.15
perc+15%_kc+15%,random_forest,2,7.782,0.897,0.15,0.15
perc+15%_kc+15%,random_forest,3,9.54,0.874,0.15,0.15
perc+15%_kc+15%,xgboost,1,5.035,0.93,0.15,0.15
perc+15%_kc+15%,xgboost,2,6.919,0.905,0.15,0.15
perc+15%_kc+15%,xgboost,3,9.222,0.864,0.15,0.15
perc+15%_kc+30%,persistence,1,8.412,0.872,0.15,0.3
perc+15%_kc+30%,persistence,2,13.585,0.751,0.15,0.3
perc+15%_kc+30%,persistence,3,18.096,0.64,0.15,0.3
perc+15%_kc+30%,random_forest,1,5.726,0.933,0.15,0.3
perc+15%_kc+30%,random_forest,2,8.271,0.889,0.15,0.3
perc+15%_kc+30%,random_forest,3,10.355,0.857,0.15,0.3
perc+15%_kc+30%,xgboost,1,5.149,0.928,0.15,0.3
perc+15%_kc+30%,xgboost,2,7.565,0.87,0.15,0.3
perc+15%_kc+30%,xgboost,3,10.269,0.827,0.15,0.3
perc+30%_kc-30%,persistence,1,6.458,0.89,0.3,-0.3
perc+30%_kc-30%,persistence,2,9.545,0.791,0.3,-0.3
perc+30%_kc-30%,persistence,3,12.543,0.688,0.3,-0.3
perc+30%_kc-30%,random_forest,1,4.512,0.939,0.3,-0.3
perc+30%_kc-30%,random_forest,2,5.994,0.906,0.3,-0.3
perc+30%_kc-30%,random_forest,3,7.001,0.885,0.3,-0.3
perc+30%_kc-30%,xgboost,1,4.246,0.944,0.3,-0.3
perc+30%_kc-30%,xgboost,2,5.742,0.905,0.3,-0.3
perc+30%_kc-30%,xgboost,3,7.084,0.881,0.3,-0.3
perc+30%_kc-15%,persistence,1,7.007,0.882,0.3,-0.15
perc+30%_kc-15%,persistence,2,10.626,0.769,0.3,-0.15
perc+30%_kc-15%,persistence,3,14.116,0.653,0.3,-0.15
perc+30%_kc-15%,random_forest,1,4.921,0.93,0.3,-0.15
perc+30%_kc-15%,random_forest,2,6.836,0.885,0.3,-0.15
perc+30%_kc-15%,random_forest,3,8.2,0.862,0.3,-0.15
perc+30%_kc-15%,xgboost,1,4.461,0.94,0.3,-0.15
perc+30%_kc-15%,xgboost,2,6.304,0.89,0.3,-0.15
perc+30%_kc-15%,xgboost,3,8.193,0.847,0.3,-0.15
perc+30%_kc+0%,persistence,1,7.505,0.88,0.3,0.0
perc+30%_kc+0%,persistence,2,11.763,0.769,0.3,0.0
perc+30%_kc+0%,persistence,3,15.624,0.662,0.3,0.0
perc+30%_kc+0%,random_forest,1,5.509,0.93,0.3,0.0
perc+30%_kc+0%,random_forest,2,8.045,0.878,0.3,0.0
perc+30%_kc+0%,random_forest,3,9.81,0.843,0.3,0.0
perc+30%_kc+0%,xgboost,1,4.799,0.938,0.3,0.0
perc+30%_kc+0%,xgboost,2,7.067,0.882,0.3,0.0
perc+30%_kc+0%,xgboost,3,8.98,0.848,0.3,0.0
perc+30%_kc+15%,persistence,1,7.948,0.879,0.3,0.15
perc+30%_kc+15%,persistence,2,12.498,0.771,0.3,0.15
perc+30%_kc+15%,persistence,3,16.506,0.672,0.3,0.15
perc+30%_kc+15%,random_forest,1,5.541,0.933,0.3,0.15
perc+30%_kc+15%,random_forest,2,7.817,0.898,0.3,0.15
perc+30%_kc+15%,random_forest,3,9.723,0.872,0.3,0.15
perc+30%_kc+15%,xgboost,1,5.092,0.93,0.3,0.15
perc+30%_kc+15%,xgboost,2,7.027,0.904,0.3,0.15
perc+30%_kc+15%,xgboost,3,9.288,0.864,0.3,0.15
perc+30%_kc+30%,persistence,1,8.573,0.875,0.3,0.3
perc+30%_kc+30%,persistence,2,13.894,0.758,0.3,0.3
perc+30%_kc+30%,persistence,3,18.534,0.645,0.3,0.3
perc+30%_kc+30%,random_forest,1,5.831,0.936,0.3,0.3
perc+30%_kc+30%,random_forest,2,8.177,0.901,0.3,0.3
perc+30%_kc+30%,random_forest,3,9.891,0.878,0.3,0.3
perc+30%_kc+30%,xgboost,1,5.218,0.932,0.3,0.3
perc+30%_kc+30%,xgboost,2,7.738,0.882,0.3,0.3
perc+30%_kc+30%,xgboost,3,10.355,0.842,0.3,0.3
