date,rain_fc_t1_mm,rain_fc_t2_mm,rain_fc_t3_mm,rain_fc_sum3_mm,weather_fc_source
2022-01-01,0.7,0.3,0.6,1.6,openmeteo_archive
2022-01-02,0.3,0.6,0.0,0.9,openmeteo_archive
2022-01-03,0.6,0.0,0.5,1.1,openmeteo_archive
2022-01-04,0.0,0.5,1.4,1.9,openmeteo_archive
2022-01-05,0.5,1.4,1.0,2.9,openmeteo_archive
2022-01-06,1.4,1.0,0.1,2.5,openmeteo_archive
2022-01-07,1.0,0.1,0.0,1.1,openmeteo_archive
2022-01-08,0.1,0.0,1.2,1.3,openmeteo_archive
2022-01-09,0.0,1.2,0.5,1.7,openmeteo_archive
2022-01-10,1.2,0.5,0.9,2.6,openmeteo_archive
2022-01-11,0.5,0.9,1.2,2.6,openmeteo_archive
2022-01-12,0.9,1.2,0.6,2.7,openmeteo_archive
2022-01-13,1.2,0.6,1.9,3.7,openmeteo_archive
2022-01-14,0.6,1.9,1.8,4.3,openmeteo_archive
2022-01-15,1.9,1.8,0.2,3.9,openmeteo_archive
2022-01-16,1.8,0.2,0.1,2.1,openmeteo_archive
2022-01-17,0.2,0.1,0.0,0.3,openmeteo_archive
2022-01-18,0.1,0.0,0.0,0.1,openmeteo_archive
2022-01-19,0.0,0.0,0.0,0.0,openmeteo_archive
2022-01-20,0.0,0.0,0.0,0.0,openmeteo_archive
2022-01-21,0.0,0.0,2.5,2.5,openmeteo_archive
2022-01-22,0.0,2.5,0.0,2.5,openmeteo_archive
2022-01-23,2.5,0.0,0.8,3.3,openmeteo_archive
2022-01-24,0.0,0.8,0.1,0.9,openmeteo_archive
2022-01-25,0.8,0.1,0.3,1.2,openmeteo_archive
2022-01-26,0.1,0.3,1.0,1.4,openmeteo_archive
2022-01-27,0.3,1.0,5.3,6.6,openmeteo_archive
2022-01-28,1.0,5.3,0.3,6.6,openmeteo_archive
2022-01-29,5.3,0.3,0.0,5.6,openmeteo_archive
2022-01-30,0.3,0.0,0.0,0.3,openmeteo_archive
2022-01-31,0.0,0.0,0.0,0.0,openmeteo_archive
2022-02-01,0.0,0.0,0.0,0.0,openmeteo_archive
2022-02-02,0.0,0.0,0.0,0.0,openmeteo_archive
2022-02-03,0.0,0.0,1.3,1.3,openmeteo_archive
2022-02-04,0.0,1.3,0.0,1.3,openmeteo_archive
2022-02-05,1.3,0.0,0.0,1.3,openmeteo_archive
2022-02-06,0.0,0.0,0.0,0.0,openmeteo_archive
2022-02-07,0.0,0.0,0.0,0.0,openmeteo_archive
2022-02-08,0.0,0.0,31.8,31.8,openmeteo_archive
2022-02-09,0.0,31.8,6.2,38.0,openmeteo_archive
2022-02-10,31.8,6.2,0.0,38.0,openmeteo_archive
2022-02-11,6.2,0.0,1.9,8.1,openmeteo_archive
2022-02-12,0.0,1.9,0.5,2.4,openmeteo_archive
2022-02-13,1.9,0.5,0.0,2.4,openmeteo_archive
2022-02-14,0.5,0.0,0.0,0.5,openmeteo_archive
2022-02-15,0.0,0.0,0.3,0.3,openmeteo_archive
2022-02-16,0.0,0.3,0.5,0.8,openmeteo_archive
2022-02-17,0.3,0.5,0.0,0.8,openmeteo_archive
2022-02-18,0.5,0.0,0.0,0.5,openmeteo_archive
2022-02-19,0.0,0.0,0.1,0.1,openmeteo_archive
2022-02-20,0.0,0.1,0.1,0.2,openmeteo_archive
2022-02-21,0.1,0.1,0.4,0.6,openmeteo_archive
2022-02-22,0.1,0.4,0.0,0.5,openmeteo_archive
2022-02-23,0.4,0.0,0.6,1.0,openmeteo_archive
2022-02-24,0.0,0.6,0.2,0.8,openmeteo_archive
2022-02-25,0.6,0.2,0.3,1.1,openmeteo_archive
2022-02-26,0.2,0.3,0.0,0.5,openmeteo_archive
2022-02-27,0.3,0.0,0.0,0.3,openmeteo_archive
2022-02-28,0.0,0.0,0.0,0.0,openmeteo_archive
2022-03-01,0.0,0.0,0.7,0.7,openmeteo_archive
2022-03-02,0.0,0.7,0.2,0.9,openmeteo_archive
2022-03-03,0.7,0.2,0.8,1.7,openmeteo_archive
2022-03-04,0.2,0.8,7.9,8.9,openmeteo_archive
2022-03-05,0.8,7.9,0.1,8.8,openmeteo_archive
2022-03-06,7.9,0.1,0.0,8.0,openmeteo_archive
2022-03-07,0.1,0.0,0.0,0.1,openmeteo_archive
2022-03-08,0.0,0.0,0.0,0.0,openmeteo_archive
2022-03-09,0.0,0.0,0.0,0.0,openmeteo_archive
2022-03-10,0.0,0.0,0.0,0.0,openmeteo_archive
2022-03-11,0.0,0.0,0.0,0.0,openmeteo_archive
2022-03-12,0.0,0.0,0.0,0.0,openmeteo_archive
2022-03-13,0.0,0.0,0.0,0.0,openmeteo_archive
2022-03-14,0.0,0.0,0.0,0.0,openmeteo_archive
2022-03-15,0.0,0.0,0.0,0.0,openmeteo_archive
2022-03-16,0.0,0.0,0.0,0.0,openmeteo_archive
2022-03-17,0.0,0.0,0.1,0.1,openmeteo_archive
2022-03-18,0.0,0.1,0.0,0.1,openmeteo_archive
2022-03-19,0.1,0.0,4.9,5.0,openmeteo_archive
2022-03-20,0.0,4.9,0.0,4.9,openmeteo_archive
2022-03-21,4.9,0.0,0.6,5.5,openmeteo_archive
2022-03-22,0.0,0.6,0.9,1.5,openmeteo_archive
2022-03-23,0.6,0.9,1.0,2.5,openmeteo_archive
2022-03-24,0.9,1.0,0.3,2.2,openmeteo_archive
2022-03-25,1.0,0.3,0.1,1.4,openmeteo_archive
2022-03-26,0.3,0.1,0.3,0.7,openmeteo_archive
2022-03-27,0.1,0.3,0.0,0.4,openmeteo_archive
2022-03-28,0.3,0.0,0.0,0.3,openmeteo_archive
2022-03-29,0.0,0.0,0.6,0.6,openmeteo_archive
2022-03-30,0.0,0.6,0.2,0.8,openmeteo_archive
2022-03-31,0.6,0.2,1.1,1.9,openmeteo_archive
2022-04-01,0.2,1.1,0.0,1.3,openmeteo_archive
2022-04-02,1.1,0.0,0.5,1.6,openmeteo_archive
2022-04-03,0.0,0.5,0.2,0.7,openmeteo_archive
2022-04-04,0.5,0.2,0.0,0.7,openmeteo_archive
2022-04-05,0.2,0.0,1.5,1.7,openmeteo_archive
2022-04-06,0.0,1.5,2.6,4.1,openmeteo_archive
2022-04-07,1.5,2.6,7.5,11.6,openmeteo_archive
2022-04-08,2.6,7.5,24.6,34.7,openmeteo_archive
2022-04-09,7.5,24.6,4.7,36.8,openmeteo_archive
2022-04-10,24.6,4.7,3.8,33.1,openmeteo_archive
2022-04-11,4.7,3.8,0.6,9.1,openmeteo_archive
2022-04-12,3.8,0.6,0.1,4.5,openmeteo_archive
2022-04-13,0.6,0.1,0.6,1.3,openmeteo_archive
2022-04-14,0.1,0.6,1.5,2.2,openmeteo_archive
2022-04-15,0.6,1.5,1.7,3.8,openmeteo_archive
2022-04-16,1.5,1.7,0.0,3.2,openmeteo_archive
2022-04-17,1.7,0.0,0.3,2.0,openmeteo_archive
2022-04-18,0.0,0.3,0.0,0.3,openmeteo_archive
2022-04-19,0.3,0.0,1.6,1.9,openmeteo_archive
2022-04-20,0.0,1.6,0.7,2.3,openmeteo_archive
2022-04-21,1.6,0.7,0.0,2.3,openmeteo_archive
2022-04-22,0.7,0.0,0.1,0.8,openmeteo_archive
2022-04-23,0.0,0.1,0.0,0.1,openmeteo_archive
2022-04-24,0.1,0.0,0.0,0.1,openmeteo_archive
2022-04-25,0.0,0.0,0.1,0.1,openmeteo_archive
2022-04-26,0.0,0.1,0.0,0.1,openmeteo_archive
2022-04-27,0.1,0.0,0.0,0.1,openmeteo_archive
2022-04-28,0.0,0.0,0.0,0.0,openmeteo_archive
2022-04-29,0.0,0.0,0.0,0.0,openmeteo_archive
2022-04-30,0.0,0.0,0.0,0.0,openmeteo_archive
2022-05-01,0.0,0.0,1.0,1.0,openmeteo_archive
2022-05-02,0.0,1.0,0.4,1.4,openmeteo_archive
2022-05-03,1.0,0.4,0.2,1.6,openmeteo_archive
2022-05-04,0.4,0.2,0.0,0.6,openmeteo_archive
2022-05-05,0.2,0.0,0.0,0.2,openmeteo_archive
2022-05-06,0.0,0.0,1.9,1.9,openmeteo_archive
2022-05-07,0.0,1.9,2.7,4.6,openmeteo_archive
2022-05-08,1.9,2.7,0.0,4.6,openmeteo_archive
2022-05-09,2.7,0.0,0.0,2.7,openmeteo_archive
2022-05-10,0.0,0.0,0.9,0.9,openmeteo_archive
2022-05-11,0.0,0.9,14.9,15.8,openmeteo_archive
2022-05-12,0.9,14.9,17.8,33.6,openmeteo_archive
2022-05-13,14.9,17.8,3.3,36.0,openmeteo_archive
2022-05-14,17.8,3.3,1.3,22.4,openmeteo_archive
2022-05-15,3.3,1.3,5.5,10.1,openmeteo_archive
2022-05-16,1.3,5.5,2.2,9.0,openmeteo_archive
2022-05-17,5.5,2.2,4.5,12.2,openmeteo_archive
2022-05-18,2.2,4.5,1.3,8.0,openmeteo_archive
2022-05-19,4.5,1.3,0.9,6.7,openmeteo_archive
2022-05-20,1.3,0.9,0.1,2.3,openmeteo_archive
2022-05-21,0.9,0.1,0.3,1.3,openmeteo_archive
2022-05-22,0.1,0.3,0.0,0.4,openmeteo_archive
2022-05-23,0.3,0.0,0.6,0.9,openmeteo_archive
2022-05-24,0.0,0.6,3.7,4.3,openmeteo_archive
2022-05-25,0.6,3.7,0.5,4.8,openmeteo_archive
2022-05-26,3.7,0.5,0.1,4.3,openmeteo_archive
2022-05-27,0.5,0.1,0.0,0.6,openmeteo_archive
2022-05-28,0.1,0.0,0.0,0.1,openmeteo_archive
2022-05-29,0.0,0.0,0.0,0.0,openmeteo_archive
2022-05-30,0.0,0.0,0.0,0.0,openmeteo_archive
2022-05-31,0.0,0.0,0.0,0.0,openmeteo_archive
2022-06-01,0.0,0.0,0.1,0.1,openmeteo_archive
2022-06-02,0.0,0.1,0.1,0.2,openmeteo_archive
2022-06-03,0.1,0.1,11.5,11.7,openmeteo_archive
2022-06-04,0.1,11.5,0.1,11.7,openmeteo_archive
2022-06-05,11.5,0.1,0.0,11.6,openmeteo_archive
2022-06-06,0.1,0.0,0.0,0.1,openmeteo_archive
2022-06-07,0.0,0.0,0.7,0.7,openmeteo_archive
2022-06-08,0.0,0.7,0.6,1.3,openmeteo_archive
2022-06-09,0.7,0.6,0.3,1.6,openmeteo_archive
2022-06-10,0.6,0.3,0.1,1.0,openmeteo_archive
2022-06-11,0.3,0.1,2.6,3.0,openmeteo_archive
2022-06-12,0.1,2.6,13.4,16.1,openmeteo_archive
2022-06-13,2.6,13.4,30.8,46.8,openmeteo_archive
2022-06-14,13.4,30.8,0.3,44.5,openmeteo_archive
2022-06-15,30.8,0.3,0.6,31.7,openmeteo_archive
2022-06-16,0.3,0.6,19.8,20.7,openmeteo_archive
2022-06-17,0.6,19.8,2.8,23.2,openmeteo_archive
2022-06-18,19.8,2.8,1.0,23.6,openmeteo_archive
2022-06-19,2.8,1.0,0.2,4.0,openmeteo_archive
2022-06-20,1.0,0.2,0.6,1.8,openmeteo_archive
2022-06-21,0.2,0.6,2.3,3.1,openmeteo_archive
2022-06-22,0.6,2.3,0.0,2.9,openmeteo_archive
2022-06-23,2.3,0.0,1.5,3.8,openmeteo_archive
2022-06-24,0.0,1.5,0.0,1.5,openmeteo_archive
2022-06-25,1.5,0.0,0.1,1.6,openmeteo_archive
2022-06-26,0.0,0.1,1.2,1.3,openmeteo_archive
2022-06-27,0.1,1.2,3.0,4.3,openmeteo_archive
2022-06-28,1.2,3.0,2.0,6.2,openmeteo_archive
2022-06-29,3.0,2.0,0.7,5.7,openmeteo_archive
2022-06-30,2.0,0.7,3.8,6.5,openmeteo_archive
2022-07-01,0.7,3.8,0.1,4.6,openmeteo_archive
2022-07-02,3.8,0.1,0.1,4.0,openmeteo_archive
2022-07-03,0.1,0.1,0.1,0.3,openmeteo_archive
2022-07-04,0.1,0.1,0.7,0.9,openmeteo_archive
2022-07-05,0.1,0.7,0.0,0.8,openmeteo_archive
2022-07-06,0.7,0.0,0.6,1.3,openmeteo_archive
2022-07-07,0.0,0.6,1.2,1.8,openmeteo_archive
2022-07-08,0.6,1.2,0.2,2.0,openmeteo_archive
2022-07-09,1.2,0.2,0.0,1.4,openmeteo_archive
2022-07-10,0.2,0.0,0.0,0.2,openmeteo_archive
2022-07-11,0.0,0.0,0.2,0.2,openmeteo_archive
2022-07-12,0.0,0.2,0.2,0.4,openmeteo_archive
2022-07-13,0.2,0.2,1.0,1.4,openmeteo_archive
2022-07-14,0.2,1.0,3.1,4.3,openmeteo_archive
2022-07-15,1.0,3.1,2.0,6.1,openmeteo_archive
2022-07-16,3.1,2.0,0.7,5.8,openmeteo_archive
2022-07-17,2.0,0.7,0.9,3.6,openmeteo_archive
2022-07-18,0.7,0.9,18.2,19.8,openmeteo_archive
2022-07-19,0.9,18.2,4.4,23.5,openmeteo_archive
2022-07-20,18.2,4.4,6.7,29.3,openmeteo_archive
2022-07-21,4.4,6.7,1.4,12.5,openmeteo_archive
2022-07-22,6.7,1.4,0.8,8.9,openmeteo_archive
2022-07-23,1.4,0.8,12.3,14.5,openmeteo_archive
2022-07-24,0.8,12.3,9.3,22.4,openmeteo_archive
2022-07-25,12.3,9.3,0.5,22.1,openmeteo_archive
2022-07-26,9.3,0.5,1.0,10.8,openmeteo_archive
2022-07-27,0.5,1.0,0.5,2.0,openmeteo_archive
2022-07-28,1.0,0.5,4.0,5.5,openmeteo_archive
2022-07-29,0.5,4.0,12.9,17.4,openmeteo_archive
2022-07-30,4.0,12.9,4.7,21.6,openmeteo_archive
2022-07-31,12.9,4.7,5.2,22.8,openmeteo_archive
2022-08-01,4.7,5.2,16.3,26.2,openmeteo_archive
2022-08-02,5.2,16.3,1.1,22.6,openmeteo_archive
2022-08-03,16.3,1.1,1.2,18.6,openmeteo_archive
2022-08-04,1.1,1.2,0.5,2.8,openmeteo_archive
2022-08-05,1.2,0.5,0.0,1.7,openmeteo_archive
2022-08-06,0.5,0.0,0.0,0.5,openmeteo_archive
2022-08-07,0.0,0.0,0.0,0.0,openmeteo_archive
2022-08-08,0.0,0.0,0.3,0.3,openmeteo_archive
2022-08-09,0.0,0.3,0.0,0.3,openmeteo_archive
2022-08-10,0.3,0.0,0.5,0.8,openmeteo_archive
2022-08-11,0.0,0.5,0.1,0.6,openmeteo_archive
2022-08-12,0.5,0.1,0.1,0.7,openmeteo_archive
2022-08-13,0.1,0.1,1.4,1.6,openmeteo_archive
2022-08-14,0.1,1.4,1.7,3.2,openmeteo_archive
2022-08-15,1.4,1.7,7.7,10.8,openmeteo_archive
2022-08-16,1.7,7.7,5.4,14.8,openmeteo_archive
2022-08-17,7.7,5.4,0.0,13.1,openmeteo_archive
2022-08-18,5.4,0.0,0.6,6.0,openmeteo_archive
2022-08-19,0.0,0.6,1.4,2.0,openmeteo_archive
2022-08-20,0.6,1.4,6.5,8.5,openmeteo_archive
2022-08-21,1.4,6.5,3.3,11.2,openmeteo_archive
2022-08-22,6.5,3.3,13.0,22.8,openmeteo_archive
2022-08-23,3.3,13.0,17.4,33.7,openmeteo_archive
2022-08-24,13.0,17.4,10.6,41.0,openmeteo_archive
2022-08-25,17.4,10.6,1.1,29.1,openmeteo_archive
2022-08-26,10.6,1.1,6.8,18.5,openmeteo_archive
2022-08-27,1.1,6.8,1.7,9.6,openmeteo_archive
2022-08-28,6.8,1.7,11.0,19.5,openmeteo_archive
2022-08-29,1.7,11.0,16.0,28.7,openmeteo_archive
2022-08-30,11.0,16.0,1.6,28.6,openmeteo_archive
2022-08-31,16.0,1.6,2.0,19.6,openmeteo_archive
2022-09-01,1.6,2.0,7.0,10.6,openmeteo_archive
2022-09-02,2.0,7.0,8.7,17.7,openmeteo_archive
2022-09-03,7.0,8.7,1.4,17.1,openmeteo_archive
2022-09-04,8.7,1.4,2.4,12.5,openmeteo_archive
2022-09-05,1.4,2.4,0.4,4.2,openmeteo_archive
2022-09-06,2.4,0.4,1.0,3.8,openmeteo_archive
2022-09-07,0.4,1.0,0.0,1.4,openmeteo_archive
2022-09-08,1.0,0.0,0.4,1.4,openmeteo_archive
2022-09-09,0.0,0.4,0.0,0.4,openmeteo_archive
2022-09-10,0.4,0.0,0.0,0.4,openmeteo_archive
2022-09-11,0.0,0.0,0.7,0.7,openmeteo_archive
2022-09-12,0.0,0.7,0.0,0.7,openmeteo_archive
2022-09-13,0.7,0.0,0.0,0.7,openmeteo_archive
2022-09-14,0.0,0.0,0.2,0.2,openmeteo_archive
2022-09-15,0.0,0.2,3.6,3.8,openmeteo_archive
2022-09-16,0.2,3.6,0.0,3.8,openmeteo_archive
2022-09-17,3.6,0.0,0.3,3.9,openmeteo_archive
2022-09-18,0.0,0.3,0.1,0.4,openmeteo_archive
2022-09-19,0.3,0.1,0.0,0.4,openmeteo_archive
2022-09-20,0.1,0.0,0.1,0.2,openmeteo_archive
2022-09-21,0.0,0.1,1.8,1.9,openmeteo_archive
2022-09-22,0.1,1.8,3.0,4.9,openmeteo_archive
2022-09-23,1.8,3.0,2.5,7.3,openmeteo_archive
2022-09-24,3.0,2.5,5.9,11.4,openmeteo_archive
2022-09-25,2.5,5.9,1.7,10.1,openmeteo_archive
2022-09-26,5.9,1.7,0.3,7.9,openmeteo_archive
2022-09-27,1.7,0.3,0.0,2.0,openmeteo_archive
2022-09-28,0.3,0.0,6.7,7.0,openmeteo_archive
2022-09-29,0.0,6.7,0.8,7.5,openmeteo_archive
2022-09-30,6.7,0.8,0.2,7.7,openmeteo_archive
2022-10-01,0.8,0.2,0.0,1.0,openmeteo_archive
2022-10-02,0.2,0.0,1.1,1.3,openmeteo_archive
2022-10-03,0.0,1.1,16.8,17.9,openmeteo_archive
2022-10-04,1.1,16.8,0.1,18.0,openmeteo_archive
2022-10-05,16.8,0.1,12.3,29.2,openmeteo_archive
2022-10-06,0.1,12.3,32.5,44.9,openmeteo_archive
2022-10-07,12.3,32.5,6.9,51.7,openmeteo_archive
2022-10-08,32.5,6.9,2.3,41.7,openmeteo_archive
2022-10-09,6.9,2.3,4.5,13.7,openmeteo_archive
2022-10-10,2.3,4.5,3.1,9.9,openmeteo_archive
2022-10-11,4.5,3.1,8.8,16.4,openmeteo_archive
2022-10-12,3.1,8.8,10.3,22.2,openmeteo_archive
2022-10-13,8.8,10.3,9.6,28.7,openmeteo_archive
2022-10-14,10.3,9.6,6.4,26.3,openmeteo_archive
2022-10-15,9.6,6.4,2.7,18.7,openmeteo_archive
2022-10-16,6.4,2.7,6.7,15.8,openmeteo_archive
2022-10-17,2.7,6.7,6.8,16.2,openmeteo_archive
2022-10-18,6.7,6.8,4.7,18.2,openmeteo_archive
2022-10-19,6.8,4.7,5.0,16.5,openmeteo_archive
2022-10-20,4.7,5.0,0.1,9.8,openmeteo_archive
2022-10-21,5.0,0.1,0.0,5.1,openmeteo_archive
2022-10-22,0.1,0.0,0.1,0.2,openmeteo_archive
2022-10-23,0.0,0.1,0.2,0.3,openmeteo_archive
2022-10-24,0.1,0.2,0.0,0.3,openmeteo_archive
2022-10-25,0.2,0.0,1.6,1.8,openmeteo_archive
2022-10-26,0.0,1.6,9.1,10.7,openmeteo_archive
2022-10-27,1.6,9.1,0.5,11.2,openmeteo_archive
2022-10-28,9.1,0.5,6.9,16.5,openmeteo_archive
2022-10-29,0.5,6.9,32.4,39.8,openmeteo_archive
2022-10-30,6.9,32.4,25.1,64.4,openmeteo_archive
2022-10-31,32.4,25.1,34.4,91.9,openmeteo_archive
2022-11-01,25.1,34.4,22.5,82.0,openmeteo_archive
2022-11-02,34.4,22.5,2.1,59.0,openmeteo_archive
2022-11-03,22.5,2.1,10.5,35.1,openmeteo_archive
2022-11-04,2.1,10.5,1.3,13.9,openmeteo_archive
2022-11-05,10.5,1.3,4.1,15.9,openmeteo_archive
2022-11-06,1.3,4.1,3.4,8.8,openmeteo_archive
2022-11-07,4.1,3.4,2.6,10.1,openmeteo_archive
2022-11-08,3.4,2.6,71.8,77.8,openmeteo_archive
2022-11-09,2.6,71.8,6.5,80.9,openmeteo_archive
2022-11-10,71.8,6.5,9.4,87.7,openmeteo_archive
2022-11-11,6.5,9.4,1.0,16.9,openmeteo_archive
2022-11-12,9.4,1.0,4.4,14.8,openmeteo_archive
2022-11-13,1.0,4.4,0.2,5.6,openmeteo_archive
2022-11-14,4.4,0.2,0.0,4.6,openmeteo_archive
2022-11-15,0.2,0.0,0.0,0.2,openmeteo_archive
2022-11-16,0.0,0.0,0.0,0.0,openmeteo_archive
2022-11-17,0.0,0.0,0.0,0.0,openmeteo_archive
2022-11-18,0.0,0.0,0.0,0.0,openmeteo_archive
2022-11-19,0.0,0.0,0.0,0.0,openmeteo_archive
2022-11-20,0.0,0.0,0.1,0.1,openmeteo_archive
2022-11-21,0.0,0.1,2.6,2.7,openmeteo_archive
2022-11-22,0.1,2.6,1.0,3.7,openmeteo_archive
2022-11-23,2.6,1.0,6.3,9.9,openmeteo_archive
2022-11-24,1.0,6.3,2.8,10.1,openmeteo_archive
2022-11-25,6.3,2.8,1.4,10.5,openmeteo_archive
2022-11-26,2.8,1.4,0.0,4.2,openmeteo_archive
2022-11-27,1.4,0.0,0.2,1.6,openmeteo_archive
2022-11-28,0.0,0.2,2.4,2.6,openmeteo_archive
2022-11-29,0.2,2.4,0.9,3.5,openmeteo_archive
2022-11-30,2.4,0.9,1.4,4.7,openmeteo_archive
2022-12-01,0.9,1.4,11.8,14.1,openmeteo_archive
2022-12-02,1.4,11.8,0.3,13.5,openmeteo_archive
2022-12-03,11.8,0.3,0.5,12.6,openmeteo_archive
2022-12-04,0.3,0.5,0.0,0.8,openmeteo_archive
2022-12-05,0.5,0.0,31.9,32.4,openmeteo_archive
2022-12-06,0.0,31.9,23.6,55.5,openmeteo_archive
2022-12-07,31.9,23.6,0.1,55.6,openmeteo_archive
2022-12-08,23.6,0.1,4.5,28.2,openmeteo_archive
2022-12-09,0.1,4.5,15.9,20.5,openmeteo_archive
2022-12-10,4.5,15.9,3.7,24.1,openmeteo_archive
2022-12-11,15.9,3.7,0.1,19.7,openmeteo_archive
2022-12-12,3.7,0.1,0.1,3.9,openmeteo_archive
2022-12-13,0.1,0.1,0.0,0.2,openmeteo_archive
2022-12-14,0.1,0.0,0.3,0.4,openmeteo_archive
2022-12-15,0.0,0.3,2.0,2.3,openmeteo_archive
2022-12-16,0.3,2.0,0.7,3.0,openmeteo_archive
2022-12-17,2.0,0.7,0.7,3.4,openmeteo_archive
2022-12-18,0.7,0.7,2.9,4.3,openmeteo_archive
2022-12-19,0.7,2.9,0.3,3.9,openmeteo_archive
2022-12-20,2.9,0.3,0.6,3.8,openmeteo_archive
2022-12-21,0.3,0.6,0.7,1.6,openmeteo_archive
2022-12-22,0.6,0.7,8.3,9.6,openmeteo_archive
2022-12-23,0.7,8.3,20.1,29.1,openmeteo_archive
2022-12-24,8.3,20.1,2.8,31.2,openmeteo_archive
2022-12-25,20.1,2.8,0.2,23.1,openmeteo_archive
2022-12-26,2.8,0.2,0.2,3.2,openmeteo_archive
2022-12-27,0.2,0.2,0.3,0.7,openmeteo_archive
2022-12-28,0.2,0.3,0.1,0.6,openmeteo_archive
2022-12-29,0.3,0.1,0.0,0.4,openmeteo_archive
2022-12-30,0.1,0.0,0.1,0.2,openmeteo_archive
2022-12-31,0.0,0.1,0.5,0.6,openmeteo_archive
2023-01-01,0.1,0.5,0.4,1.0,openmeteo_archive
2023-01-02,0.5,0.4,1.6,2.5,openmeteo_archive
2023-01-03,0.4,1.6,0.4,2.4,openmeteo_archive
2023-01-04,1.6,0.4,0.0,2.0,openmeteo_archive
2023-01-05,0.4,0.0,1.9,2.3,openmeteo_archive
2023-01-06,0.0,1.9,0.0,1.9,openmeteo_archive
2023-01-07,1.9,0.0,0.0,1.9,openmeteo_archive
2023-01-08,0.0,0.0,0.0,0.0,openmeteo_archive
2023-01-09,0.0,0.0,0.0,0.0,openmeteo_archive
2023-01-10,0.0,0.0,0.0,0.0,openmeteo_archive
2023-01-11,0.0,0.0,0.0,0.0,openmeteo_archive
2023-01-12,0.0,0.0,0.0,0.0,openmeteo_archive
2023-01-13,0.0,0.0,0.0,0.0,openmeteo_archive
2023-01-14,0.0,0.0,0.0,0.0,openmeteo_archive
2023-01-15,0.0,0.0,0.0,0.0,openmeteo_archive
2023-01-16,0.0,0.0,0.0,0.0,openmeteo_archive
2023-01-17,0.0,0.0,0.2,0.2,openmeteo_archive
2023-01-18,0.0,0.2,0.0,0.2,openmeteo_archive
2023-01-19,0.2,0.0,0.3,0.5,openmeteo_archive
2023-01-20,0.0,0.3,3.0,3.3,openmeteo_archive
2023-01-21,0.3,3.0,0.2,3.5,openmeteo_archive
2023-01-22,3.0,0.2,0.2,3.4,openmeteo_archive
2023-01-23,0.2,0.2,0.2,0.6,openmeteo_archive
2023-01-24,0.2,0.2,0.0,0.4,openmeteo_archive
2023-01-25,0.2,0.0,0.1,0.3,openmeteo_archive
2023-01-26,0.0,0.1,1.8,1.9,openmeteo_archive
2023-01-27,0.1,1.8,0.4,2.3,openmeteo_archive
2023-01-28,1.8,0.4,0.7,2.9,openmeteo_archive
2023-01-29,0.4,0.7,6.2,7.3,openmeteo_archive
2023-01-30,0.7,6.2,21.7,28.6,openmeteo_archive
2023-01-31,6.2,21.7,32.9,60.8,openmeteo_archive
2023-02-01,21.7,32.9,1.3,55.9,openmeteo_archive
2023-02-02,32.9,1.3,0.0,34.2,openmeteo_archive
2023-02-03,1.3,0.0,0.0,1.3,openmeteo_archive
2023-02-04,0.0,0.0,0.0,0.0,openmeteo_archive
2023-02-05,0.0,0.0,0.0,0.0,openmeteo_archive
2023-02-06,0.0,0.0,0.1,0.1,openmeteo_archive
2023-02-07,0.0,0.1,0.0,0.1,openmeteo_archive
2023-02-08,0.1,0.0,0.0,0.1,openmeteo_archive
2023-02-09,0.0,0.0,0.0,0.0,openmeteo_archive
2023-02-10,0.0,0.0,0.0,0.0,openmeteo_archive
2023-02-11,0.0,0.0,0.1,0.1,openmeteo_archive
2023-02-12,0.0,0.1,0.0,0.1,openmeteo_archive
2023-02-13,0.1,0.0,0.0,0.1,openmeteo_archive
2023-02-14,0.0,0.0,0.1,0.1,openmeteo_archive
2023-02-15,0.0,0.1,0.0,0.1,openmeteo_archive
2023-02-16,0.1,0.0,0.1,0.2,openmeteo_archive
2023-02-17,0.0,0.1,0.0,0.1,openmeteo_archive
2023-02-18,0.1,0.0,0.0,0.1,openmeteo_archive
2023-02-19,0.0,0.0,0.0,0.0,openmeteo_archive
2023-02-20,0.0,0.0,0.0,0.0,openmeteo_archive
2023-02-21,0.0,0.0,0.0,0.0,openmeteo_archive
2023-02-22,0.0,0.0,0.0,0.0,openmeteo_archive
2023-02-23,0.0,0.0,0.0,0.0,openmeteo_archive
2023-02-24,0.0,0.0,0.0,0.0,openmeteo_archive
2023-02-25,0.0,0.0,3.9,3.9,openmeteo_archive
2023-02-26,0.0,3.9,0.4,4.3,openmeteo_archive
2023-02-27,3.9,0.4,0.0,4.3,openmeteo_archive
2023-02-28,0.4,0.0,0.0,0.4,openmeteo_archive
2023-03-01,0.0,0.0,0.0,0.0,openmeteo_archive
2023-03-02,0.0,0.0,0.0,0.0,openmeteo_archive
2023-03-03,0.0,0.0,0.0,0.0,openmeteo_archive
2023-03-04,0.0,0.0,0.0,0.0,openmeteo_archive
2023-03-05,0.0,0.0,1.6,1.6,openmeteo_archive
2023-03-06,0.0,1.6,0.7,2.3,openmeteo_archive
2023-03-07,1.6,0.7,0.0,2.3,openmeteo_archive
2023-03-08,0.7,0.0,0.9,1.6,openmeteo_archive
2023-03-09,0.0,0.9,0.4,1.3,openmeteo_archive
2023-03-10,0.9,0.4,0.1,1.4,openmeteo_archive
2023-03-11,0.4,0.1,0.0,0.5,openmeteo_archive
2023-03-12,0.1,0.0,0.5,0.6,openmeteo_archive
2023-03-13,0.0,0.5,0.4,0.9,openmeteo_archive
2023-03-14,0.5,0.4,1.2,2.1,openmeteo_archive
2023-03-15,0.4,1.2,5.4,7.0,openmeteo_archive
2023-03-16,1.2,5.4,3.6,10.2,openmeteo_archive
2023-03-17,5.4,3.6,7.7,16.7,openmeteo_archive
2023-03-18,3.6,7.7,8.8,20.1,openmeteo_archive
2023-03-19,7.7,8.8,4.9,21.4,openmeteo_archive
2023-03-20,8.8,4.9,0.8,14.5,openmeteo_archive
2023-03-21,4.9,0.8,0.3,6.0,openmeteo_archive
2023-03-22,0.8,0.3,0.9,2.0,openmeteo_archive
2023-03-23,0.3,0.9,4.1,5.3,openmeteo_archive
2023-03-24,0.9,4.1,0.0,5.0,openmeteo_archive
2023-03-25,4.1,0.0,2.9,7.0,openmeteo_archive
2023-03-26,0.0,2.9,0.4,3.3,openmeteo_archive
2023-03-27,2.9,0.4,0.0,3.3,openmeteo_archive
2023-03-28,0.4,0.0,0.4,0.8,openmeteo_archive
2023-03-29,0.0,0.4,0.5,0.9,openmeteo_archive
2023-03-30,0.4,0.5,1.0,1.9,openmeteo_archive
2023-03-31,0.5,1.0,0.3,1.8,openmeteo_archive
2023-04-01,1.0,0.3,0.4,1.7,openmeteo_archive
2023-04-02,0.3,0.4,0.0,0.7,openmeteo_archive
2023-04-03,0.4,0.0,0.0,0.4,openmeteo_archive
2023-04-04,0.0,0.0,0.2,0.2,openmeteo_archive
2023-04-05,0.0,0.2,0.3,0.5,openmeteo_archive
2023-04-06,0.2,0.3,0.5,1.0,openmeteo_archive
2023-04-07,0.3,0.5,0.1,0.9,openmeteo_archive
2023-04-08,0.5,0.1,0.0,0.6,openmeteo_archive
2023-04-09,0.1,0.0,0.0,0.1,openmeteo_archive
2023-04-10,0.0,0.0,0.0,0.0,openmeteo_archive
2023-04-11,0.0,0.0,0.0,0.0,openmeteo_archive
2023-04-12,0.0,0.0,0.0,0.0,openmeteo_archive
2023-04-13,0.0,0.0,0.1,0.1,openmeteo_archive
2023-04-14,0.0,0.1,0.0,0.1,openmeteo_archive
2023-04-15,0.1,0.0,0.0,0.1,openmeteo_archive
2023-04-16,0.0,0.0,0.0,0.0,openmeteo_archive
2023-04-17,0.0,0.0,0.0,0.0,openmeteo_archive
2023-04-18,0.0,0.0,0.0,0.0,openmeteo_archive
2023-04-19,0.0,0.0,0.6,0.6,openmeteo_archive
2023-04-20,0.0,0.6,10.1,10.7,openmeteo_archive
2023-04-21,0.6,10.1,0.4,11.1,openmeteo_archive
2023-04-22,10.1,0.4,1.4,11.9,openmeteo_archive
2023-04-23,0.4,1.4,7.0,8.8,openmeteo_archive
2023-04-24,1.4,7.0,2.3,10.7,openmeteo_archive
2023-04-25,7.0,2.3,0.9,10.2,openmeteo_archive
2023-04-26,2.3,0.9,2.1,5.3,openmeteo_archive
2023-04-27,0.9,2.1,1.1,4.1,openmeteo_archive
2023-04-28,2.1,1.1,10.9,14.1,openmeteo_archive
2023-04-29,1.1,10.9,19.5,31.5,openmeteo_archive
2023-04-30,10.9,19.5,3.5,33.9,openmeteo_archive
2023-05-01,19.5,3.5,4.7,27.7,openmeteo_archive
2023-05-02,3.5,4.7,10.9,19.1,openmeteo_archive
2023-05-03,4.7,10.9,4.9,20.5,openmeteo_archive
2023-05-04,10.9,4.9,12.7,28.5,openmeteo_archive
2023-05-05,4.9,12.7,0.1,17.7,openmeteo_archive
2023-05-06,12.7,0.1,0.2,13.0,openmeteo_archive
2023-05-07,0.1,0.2,3.6,3.9,openmeteo_archive
2023-05-08,0.2,3.6,0.0,3.8,openmeteo_archive
2023-05-09,3.6,0.0,0.0,3.6,openmeteo_archive
2023-05-10,0.0,0.0,0.0,0.0,openmeteo_archive
2023-05-11,0.0,0.0,0.0,0.0,openmeteo_archive
2023-05-12,0.0,0.0,0.0,0.0,openmeteo_archive
2023-05-13,0.0,0.0,0.0,0.0,openmeteo_archive
2023-05-14,0.0,0.0,0.0,0.0,openmeteo_archive
2023-05-15,0.0,0.0,0.0,0.0,openmeteo_archive
2023-05-16,0.0,0.0,0.3,0.3,openmeteo_archive
2023-05-17,0.0,0.3,0.0,0.3,openmeteo_archive
2023-05-18,0.3,0.0,0.0,0.3,openmeteo_archive
2023-05-19,0.0,0.0,0.4,0.4,openmeteo_archive
2023-05-20,0.0,0.4,0.1,0.5,openmeteo_archive
2023-05-21,0.4,0.1,0.0,0.5,openmeteo_archive
2023-05-22,0.1,0.0,0.0,0.1,openmeteo_archive
2023-05-23,0.0,0.0,0.2,0.2,openmeteo_archive
2023-05-24,0.0,0.2,0.0,0.2,openmeteo_archive
2023-05-25,0.2,0.0,1.0,1.2,openmeteo_archive
2023-05-26,0.0,1.0,2.5,3.5,openmeteo_archive
2023-05-27,1.0,2.5,0.1,3.6,openmeteo_archive
2023-05-28,2.5,0.1,0.4,3.0,openmeteo_archive
2023-05-29,0.1,0.4,0.4,0.9,openmeteo_archive
2023-05-30,0.4,0.4,0.0,0.8,openmeteo_archive
2023-05-31,0.4,0.0,0.0,0.4,openmeteo_archive
2023-06-01,0.0,0.0,0.1,0.1,openmeteo_archive
2023-06-02,0.0,0.1,9.5,9.6,openmeteo_archive
2023-06-03,0.1,9.5,0.0,9.6,openmeteo_archive
2023-06-04,9.5,0.0,3.6,13.1,openmeteo_archive
2023-06-05,0.0,3.6,0.0,3.6,openmeteo_archive
2023-06-06,3.6,0.0,0.2,3.8,openmeteo_archive
2023-06-07,0.0,0.2,0.0,0.2,openmeteo_archive
2023-06-08,0.2,0.0,0.4,0.6,openmeteo_archive
2023-06-09,0.0,0.4,4.1,4.5,openmeteo_archive
2023-06-10,0.4,4.1,0.1,4.6,openmeteo_archive
2023-06-11,4.1,0.1,1.9,6.1,openmeteo_archive
2023-06-12,0.1,1.9,0.0,2.0,openmeteo_archive
2023-06-13,1.9,0.0,0.1,2.0,openmeteo_archive
2023-06-14,0.0,0.1,0.0,0.1,openmeteo_archive
2023-06-15,0.1,0.0,13.3,13.4,openmeteo_archive
2023-06-16,0.0,13.3,6.5,19.8,openmeteo_archive
2023-06-17,13.3,6.5,3.4,23.2,openmeteo_archive
2023-06-18,6.5,3.4,4.2,14.1,openmeteo_archive
2023-06-19,3.4,4.2,1.0,8.6,openmeteo_archive
2023-06-20,4.2,1.0,0.6,5.8,openmeteo_archive
2023-06-21,1.0,0.6,0.4,2.0,openmeteo_archive
2023-06-22,0.6,0.4,0.1,1.1,openmeteo_archive
2023-06-23,0.4,0.1,0.4,0.9,openmeteo_archive
2023-06-24,0.1,0.4,7.1,7.6,openmeteo_archive
2023-06-25,0.4,7.1,0.0,7.5,openmeteo_archive
2023-06-26,7.1,0.0,2.8,9.9,openmeteo_archive
2023-06-27,0.0,2.8,0.1,2.9,openmeteo_archive
2023-06-28,2.8,0.1,0.3,3.2,openmeteo_archive
2023-06-29,0.1,0.3,6.8,7.2,openmeteo_archive
2023-06-30,0.3,6.8,1.0,8.1,openmeteo_archive
2023-07-01,6.8,1.0,0.4,8.2,openmeteo_archive
2023-07-02,1.0,0.4,3.4,4.8,openmeteo_archive
2023-07-03,0.4,3.4,0.4,4.2,openmeteo_archive
2023-07-04,3.4,0.4,0.0,3.8,openmeteo_archive
2023-07-05,0.4,0.0,2.6,3.0,openmeteo_archive
2023-07-06,0.0,2.6,0.0,2.6,openmeteo_archive
2023-07-07,2.6,0.0,33.4,36.0,openmeteo_archive
2023-07-08,0.0,33.4,1.2,34.6,openmeteo_archive
2023-07-09,33.4,1.2,0.1,34.7,openmeteo_archive
2023-07-10,1.2,0.1,2.8,4.1,openmeteo_archive
2023-07-11,0.1,2.8,0.6,3.5,openmeteo_archive
2023-07-12,2.8,0.6,0.7,4.1,openmeteo_archive
2023-07-13,0.6,0.7,0.4,1.7,openmeteo_archive
2023-07-14,0.7,0.4,0.2,1.3,openmeteo_archive
2023-07-15,0.4,0.2,0.0,0.6,openmeteo_archive
2023-07-16,0.2,0.0,0.1,0.3,openmeteo_archive
2023-07-17,0.0,0.1,0.0,0.1,openmeteo_archive
2023-07-18,0.1,0.0,0.1,0.2,openmeteo_archive
2023-07-19,0.0,0.1,1.3,1.4,openmeteo_archive
2023-07-20,0.1,1.3,15.1,16.5,openmeteo_archive
2023-07-21,1.3,15.1,2.1,18.5,openmeteo_archive
2023-07-22,15.1,2.1,1.9,19.1,openmeteo_archive
2023-07-23,2.1,1.9,1.4,5.4,openmeteo_archive
2023-07-24,1.9,1.4,0.5,3.8,openmeteo_archive
2023-07-25,1.4,0.5,0.0,1.9,openmeteo_archive
2023-07-26,0.5,0.0,0.8,1.3,openmeteo_archive
2023-07-27,0.0,0.8,0.2,1.0,openmeteo_archive
2023-07-28,0.8,0.2,0.1,1.1,openmeteo_archive
2023-07-29,0.2,0.1,1.0,1.3,openmeteo_archive
2023-07-30,0.1,1.0,0.0,1.1,openmeteo_archive
2023-07-31,1.0,0.0,0.1,1.1,openmeteo_archive
2023-08-01,0.0,0.1,0.3,0.4,openmeteo_archive
2023-08-02,0.1,0.3,0.6,1.0,openmeteo_archive
2023-08-03,0.3,0.6,0.1,1.0,openmeteo_archive
2023-08-04,0.6,0.1,0.1,0.8,openmeteo_archive
2023-08-05,0.1,0.1,1.3,1.5,openmeteo_archive
2023-08-06,0.1,1.3,14.9,16.3,openmeteo_archive
2023-08-07,1.3,14.9,11.2,27.4,openmeteo_archive
2023-08-08,14.9,11.2,10.7,36.8,openmeteo_archive
2023-08-09,11.2,10.7,12.7,34.6,openmeteo_archive
2023-08-10,10.7,12.7,0.0,23.4,openmeteo_archive
2023-08-11,12.7,0.0,0.0,12.7,openmeteo_archive
2023-08-12,0.0,0.0,0.1,0.1,openmeteo_archive
2023-08-13,0.0,0.1,0.0,0.1,openmeteo_archive
2023-08-14,0.1,0.0,0.1,0.2,openmeteo_archive
2023-08-15,0.0,0.1,0.0,0.1,openmeteo_archive
2023-08-16,0.1,0.0,0.0,0.1,openmeteo_archive
2023-08-17,0.0,0.0,0.4,0.4,openmeteo_archive
2023-08-18,0.0,0.4,1.8,2.2,openmeteo_archive
2023-08-19,0.4,1.8,2.4,4.6,openmeteo_archive
2023-08-20,1.8,2.4,1.4,5.6,openmeteo_archive
2023-08-21,2.4,1.4,0.3,4.1,openmeteo_archive
2023-08-22,1.4,0.3,0.0,1.7,openmeteo_archive
2023-08-23,0.3,0.0,0.0,0.3,openmeteo_archive
2023-08-24,0.0,0.0,0.2,0.2,openmeteo_archive
2023-08-25,0.0,0.2,2.7,2.9,openmeteo_archive
2023-08-26,0.2,2.7,27.1,30.0,openmeteo_archive
2023-08-27,2.7,27.1,6.3,36.1,openmeteo_archive
2023-08-28,27.1,6.3,21.9,55.3,openmeteo_archive
2023-08-29,6.3,21.9,1.9,30.1,openmeteo_archive
2023-08-30,21.9,1.9,19.8,43.6,openmeteo_archive
2023-08-31,1.9,19.8,0.3,22.0,openmeteo_archive
2023-09-01,19.8,0.3,0.3,20.4,openmeteo_archive
2023-09-02,0.3,0.3,0.5,1.1,openmeteo_archive
2023-09-03,0.3,0.5,0.8,1.6,openmeteo_archive
2023-09-04,0.5,0.8,5.6,6.9,openmeteo_archive
2023-09-05,0.8,5.6,0.1,6.5,openmeteo_archive
2023-09-06,5.6,0.1,0.9,6.6,openmeteo_archive
2023-09-07,0.1,0.9,0.7,1.7,openmeteo_archive
2023-09-08,0.9,0.7,9.4,11.0,openmeteo_archive
2023-09-09,0.7,9.4,3.4,13.5,openmeteo_archive
2023-09-10,9.4,3.4,1.1,13.9,openmeteo_archive
2023-09-11,3.4,1.1,0.8,5.3,openmeteo_archive
2023-09-12,1.1,0.8,13.9,15.8,openmeteo_archive
2023-09-13,0.8,13.9,1.0,15.7,openmeteo_archive
2023-09-14,13.9,1.0,12.3,27.2,openmeteo_archive
2023-09-15,1.0,12.3,21.7,35.0,openmeteo_archive
2023-09-16,12.3,21.7,16.2,50.2,openmeteo_archive
2023-09-17,21.7,16.2,0.4,38.3,openmeteo_archive
2023-09-18,16.2,0.4,1.1,17.7,openmeteo_archive
2023-09-19,0.4,1.1,5.8,7.3,openmeteo_archive
2023-09-20,1.1,5.8,25.3,32.2,openmeteo_archive
2023-09-21,5.8,25.3,6.2,37.3,openmeteo_archive
2023-09-22,25.3,6.2,0.3,31.8,openmeteo_archive
2023-09-23,6.2,0.3,0.5,7.0,openmeteo_archive
2023-09-24,0.3,0.5,0.9,1.7,openmeteo_archive
2023-09-25,0.5,0.9,8.3,9.7,openmeteo_archive
2023-09-26,0.9,8.3,4.8,14.0,openmeteo_archive
2023-09-27,8.3,4.8,2.7,15.8,openmeteo_archive
2023-09-28,4.8,2.7,2.6,10.1,openmeteo_archive
2023-09-29,2.7,2.6,1.2,6.5,openmeteo_archive
2023-09-30,2.6,1.2,0.1,3.9,openmeteo_archive
2023-10-01,1.2,0.1,0.2,1.5,openmeteo_archive
2023-10-02,0.1,0.2,0.1,0.4,openmeteo_archive
2023-10-03,0.2,0.1,0.0,0.3,openmeteo_archive
2023-10-04,0.1,0.0,1.8,1.9,openmeteo_archive
2023-10-05,0.0,1.8,1.8,3.6,openmeteo_archive
2023-10-06,1.8,1.8,9.7,13.3,openmeteo_archive
2023-10-07,1.8,9.7,11.9,23.4,openmeteo_archive
2023-10-08,9.7,11.9,21.6,43.2,openmeteo_archive
2023-10-09,11.9,21.6,18.9,52.4,openmeteo_archive
2023-10-10,21.6,18.9,1.7,42.2,openmeteo_archive
2023-10-11,18.9,1.7,17.8,38.4,openmeteo_archive
2023-10-12,1.7,17.8,29.1,48.6,openmeteo_archive
2023-10-13,17.8,29.1,13.3,60.2,openmeteo_archive
2023-10-14,29.1,13.3,0.4,42.8,openmeteo_archive
2023-10-15,13.3,0.4,0.1,13.8,openmeteo_archive
2023-10-16,0.4,0.1,1.1,1.6,openmeteo_archive
2023-10-17,0.1,1.1,0.1,1.3,openmeteo_archive
2023-10-18,1.1,0.1,2.7,3.9,openmeteo_archive
2023-10-19,0.1,2.7,12.9,15.7,openmeteo_archive
2023-10-20,2.7,12.9,0.6,16.2,openmeteo_archive
2023-10-21,12.9,0.6,8.1,21.6,openmeteo_archive
2023-10-22,0.6,8.1,0.6,9.3,openmeteo_archive
2023-10-23,8.1,0.6,1.2,9.9,openmeteo_archive
2023-10-24,0.6,1.2,1.2,3.0,openmeteo_archive
2023-10-25,1.2,1.2,12.5,14.9,openmeteo_archive
2023-10-26,1.2,12.5,27.4,41.1,openmeteo_archive
2023-10-27,12.5,27.4,12.1,52.0,openmeteo_archive
2023-10-28,27.4,12.1,2.2,41.7,openmeteo_archive
2023-10-29,12.1,2.2,8.2,22.5,openmeteo_archive
2023-10-30,2.2,8.2,13.6,24.0,openmeteo_archive
2023-10-31,8.2,13.6,14.6,36.4,openmeteo_archive
2023-11-01,13.6,14.6,21.6,49.8,openmeteo_archive
2023-11-02,14.6,21.6,3.8,40.0,openmeteo_archive
2023-11-03,21.6,3.8,13.2,38.6,openmeteo_archive
2023-11-04,3.8,13.2,32.2,49.2,openmeteo_archive
2023-11-05,13.2,32.2,2.8,48.2,openmeteo_archive
2023-11-06,32.2,2.8,13.3,48.3,openmeteo_archive
2023-11-07,2.8,13.3,30.2,46.3,openmeteo_archive
2023-11-08,13.3,30.2,0.8,44.3,openmeteo_archive
2023-11-09,30.2,0.8,0.5,31.5,openmeteo_archive
2023-11-10,0.8,0.5,25.2,26.5,openmeteo_archive
2023-11-11,0.5,25.2,86.7,112.4,openmeteo_archive
2023-11-12,25.2,86.7,41.1,153.0,openmeteo_archive
2023-11-13,86.7,41.1,39.5,167.3,openmeteo_archive
2023-11-14,41.1,39.5,7.0,87.6,openmeteo_archive
2023-11-15,39.5,7.0,2.3,48.8,openmeteo_archive
2023-11-16,7.0,2.3,1.5,10.8,openmeteo_archive
2023-11-17,2.3,1.5,27.6,31.4,openmeteo_archive
2023-11-18,1.5,27.6,17.5,46.6,openmeteo_archive
2023-11-19,27.6,17.5,76.1,121.2,openmeteo_archive
2023-11-20,17.5,76.1,22.3,115.9,openmeteo_archive
2023-11-21,76.1,22.3,8.2,106.6,openmeteo_archive
2023-11-22,22.3,8.2,13.5,44.0,openmeteo_archive
2023-11-23,8.2,13.5,10.5,32.2,openmeteo_archive
2023-11-24,13.5,10.5,1.6,25.6,openmeteo_archive
2023-11-25,10.5,1.6,5.9,18.0,openmeteo_archive
2023-11-26,1.6,5.9,4.4,11.9,openmeteo_archive
2023-11-27,5.9,4.4,19.5,29.8,openmeteo_archive
2023-11-28,4.4,19.5,9.6,33.5,openmeteo_archive
2023-11-29,19.5,9.6,1.3,30.4,openmeteo_archive
2023-11-30,9.6,1.3,4.4,15.3,openmeteo_archive
2023-12-01,1.3,4.4,1.5,7.2,openmeteo_archive
2023-12-02,4.4,1.5,0.0,5.9,openmeteo_archive
2023-12-03,1.5,0.0,4.1,5.6,openmeteo_archive
2023-12-04,0.0,4.1,1.6,5.7,openmeteo_archive
2023-12-05,4.1,1.6,7.6,13.3,openmeteo_archive
2023-12-06,1.6,7.6,6.1,15.3,openmeteo_archive
2023-12-07,7.6,6.1,2.1,15.8,openmeteo_archive
2023-12-08,6.1,2.1,1.0,9.2,openmeteo_archive
2023-12-09,2.1,1.0,0.8,3.9,openmeteo_archive
2023-12-10,1.0,0.8,0.0,1.8,openmeteo_archive
2023-12-11,0.8,0.0,0.0,0.8,openmeteo_archive
2023-12-12,0.0,0.0,6.4,6.4,openmeteo_archive
2023-12-13,0.0,6.4,15.6,22.0,openmeteo_archive
2023-12-14,6.4,15.6,4.5,26.5,openmeteo_archive
2023-12-15,15.6,4.5,1.5,21.6,openmeteo_archive
2023-12-16,4.5,1.5,7.0,13.0,openmeteo_archive
2023-12-17,1.5,7.0,11.0,19.5,openmeteo_archive
2023-12-18,7.0,11.0,7.3,25.3,openmeteo_archive
2023-12-19,11.0,7.3,0.5,18.8,openmeteo_archive
2023-12-20,7.3,0.5,0.0,7.8,openmeteo_archive
2023-12-21,0.5,0.0,5.9,6.4,openmeteo_archive
2023-12-22,0.0,5.9,2.9,8.8,openmeteo_archive
2023-12-23,5.9,2.9,0.6,9.4,openmeteo_archive
2023-12-24,2.9,0.6,0.9,4.4,openmeteo_archive
2023-12-25,0.6,0.9,4.1,5.6,openmeteo_archive
2023-12-26,0.9,4.1,16.7,21.7,openmeteo_archive
2023-12-27,4.1,16.7,1.4,22.2,openmeteo_archive
2023-12-28,16.7,1.4,0.7,18.8,openmeteo_archive
2023-12-29,1.4,0.7,0.0,2.1,openmeteo_archive
2023-12-30,0.7,0.0,0.6,1.3,openmeteo_archive
2023-12-31,0.0,0.6,1.1,1.7,openmeteo_archive
2024-01-01,0.6,1.1,1.6,3.3,openmeteo_archive
2024-01-02,1.1,1.6,5.0,7.7,openmeteo_archive
2024-01-03,1.6,5.0,34.5,41.1,openmeteo_archive
2024-01-04,5.0,34.5,56.3,95.8,openmeteo_archive
2024-01-05,34.5,56.3,37.7,128.5,openmeteo_archive
2024-01-06,56.3,37.7,14.0,108.0,openmeteo_archive
2024-01-07,37.7,14.0,1.4,53.1,openmeteo_archive
2024-01-08,14.0,1.4,0.0,15.4,openmeteo_archive
2024-01-09,1.4,0.0,0.9,2.3,openmeteo_archive
2024-01-10,0.0,0.9,1.5,2.4,openmeteo_archive
2024-01-11,0.9,1.5,0.1,2.5,openmeteo_archive
2024-01-12,1.5,0.1,0.2,1.8,openmeteo_archive
2024-01-13,0.1,0.2,0.0,0.3,openmeteo_archive
2024-01-14,0.2,0.0,0.0,0.2,openmeteo_archive
2024-01-15,0.0,0.0,1.6,1.6,openmeteo_archive
2024-01-16,0.0,1.6,0.2,1.8,openmeteo_archive
2024-01-17,1.6,0.2,0.0,1.8,openmeteo_archive
2024-01-18,0.2,0.0,2.2,2.4,openmeteo_archive
2024-01-19,0.0,2.2,0.0,2.2,openmeteo_archive
2024-01-20,2.2,0.0,0.0,2.2,openmeteo_archive
2024-01-21,0.0,0.0,0.1,0.1,openmeteo_archive
2024-01-22,0.0,0.1,0.1,0.2,openmeteo_archive
2024-01-23,0.1,0.1,0.4,0.6,openmeteo_archive
2024-01-24,0.1,0.4,0.0,0.5,openmeteo_archive
2024-01-25,0.4,0.0,0.5,0.9,openmeteo_archive
2024-01-26,0.0,0.5,0.0,0.5,openmeteo_archive
2024-01-27,0.5,0.0,0.0,0.5,openmeteo_archive
2024-01-28,0.0,0.0,0.2,0.2,openmeteo_archive
2024-01-29,0.0,0.2,1.0,1.2,openmeteo_archive
2024-01-30,0.2,1.0,0.7,1.9,openmeteo_archive
2024-01-31,1.0,0.7,0.2,1.9,openmeteo_archive
2024-02-01,0.7,0.2,0.3,1.2,openmeteo_archive
2024-02-02,0.2,0.3,0.0,0.5,openmeteo_archive
2024-02-03,0.3,0.0,0.3,0.6,openmeteo_archive
2024-02-04,0.0,0.3,0.0,0.3,openmeteo_archive
2024-02-05,0.3,0.0,0.1,0.4,openmeteo_archive
2024-02-06,0.0,0.1,0.1,0.2,openmeteo_archive
2024-02-07,0.1,0.1,0.8,1.0,openmeteo_archive
2024-02-08,0.1,0.8,0.1,1.0,openmeteo_archive
2024-02-09,0.8,0.1,0.1,1.0,openmeteo_archive
2024-02-10,0.1,0.1,5.0,5.2,openmeteo_archive
2024-02-11,0.1,5.0,0.8,5.9,openmeteo_archive
2024-02-12,5.0,0.8,0.6,6.4,openmeteo_archive
2024-02-13,0.8,0.6,0.7,2.1,openmeteo_archive
2024-02-14,0.6,0.7,0.0,1.3,openmeteo_archive
2024-02-15,0.7,0.0,0.3,1.0,openmeteo_archive
2024-02-16,0.0,0.3,0.4,0.7,openmeteo_archive
2024-02-17,0.3,0.4,0.3,1.0,openmeteo_archive
2024-02-18,0.4,0.3,0.0,0.7,openmeteo_archive
2024-02-19,0.3,0.0,0.0,0.3,openmeteo_archive
2024-02-20,0.0,0.0,0.0,0.0,openmeteo_archive
2024-02-21,0.0,0.0,2.5,2.5,openmeteo_archive
2024-02-22,0.0,2.5,0.8,3.3,openmeteo_archive
2024-02-23,2.5,0.8,1.6,4.9,openmeteo_archive
2024-02-24,0.8,1.6,1.3,3.7,openmeteo_archive
2024-02-25,1.6,1.3,0.3,3.2,openmeteo_archive
2024-02-26,1.3,0.3,0.1,1.7,openmeteo_archive
2024-02-27,0.3,0.1,0.9,1.3,openmeteo_archive
2024-02-28,0.1,0.9,0.0,1.0,openmeteo_archive
2024-02-29,0.9,0.0,0.1,1.0,openmeteo_archive
2024-03-01,0.0,0.1,0.2,0.3,openmeteo_archive
2024-03-02,0.1,0.2,0.0,0.3,openmeteo_archive
2024-03-03,0.2,0.0,0.0,0.2,openmeteo_archive
2024-03-04,0.0,0.0,0.0,0.0,openmeteo_archive
2024-03-05,0.0,0.0,0.1,0.1,openmeteo_archive
2024-03-06,0.0,0.1,0.0,0.1,openmeteo_archive
2024-03-07,0.1,0.0,0.3,0.4,openmeteo_archive
2024-03-08,0.0,0.3,0.0,0.3,openmeteo_archive
2024-03-09,0.3,0.0,0.0,0.3,openmeteo_archive
2024-03-10,0.0,0.0,0.2,0.2,openmeteo_archive
2024-03-11,0.0,0.2,0.0,0.2,openmeteo_archive
2024-03-12,0.2,0.0,0.0,0.2,openmeteo_archive
2024-03-13,0.0,0.0,0.5,0.5,openmeteo_archive
2024-03-14,0.0,0.5,0.0,0.5,openmeteo_archive
2024-03-15,0.5,0.0,0.0,0.5,openmeteo_archive
2024-03-16,0.0,0.0,0.1,0.1,openmeteo_archive
2024-03-17,0.0,0.1,0.0,0.1,openmeteo_archive
2024-03-18,0.1,0.0,2.1,2.2,openmeteo_archive
2024-03-19,0.0,2.1,0.2,2.3,openmeteo_archive
2024-03-20,2.1,0.2,0.0,2.3,openmeteo_archive
2024-03-21,0.2,0.0,0.1,0.3,openmeteo_archive
2024-03-22,0.0,0.1,0.0,0.1,openmeteo_archive
2024-03-23,0.1,0.0,0.0,0.1,openmeteo_archive
2024-03-24,0.0,0.0,0.5,0.5,openmeteo_archive
2024-03-25,0.0,0.5,0.1,0.6,openmeteo_archive
2024-03-26,0.5,0.1,0.0,0.6,openmeteo_archive
2024-03-27,0.1,0.0,0.0,0.1,openmeteo_archive
2024-03-28,0.0,0.0,1.2,1.2,openmeteo_archive
2024-03-29,0.0,1.2,0.1,1.3,openmeteo_archive
2024-03-30,1.2,0.1,0.0,1.3,openmeteo_archive
2024-03-31,0.1,0.0,0.2,0.3,openmeteo_archive
2024-04-01,0.0,0.2,0.5,0.7,openmeteo_archive
2024-04-02,0.2,0.5,0.0,0.7,openmeteo_archive
2024-04-03,0.5,0.0,0.0,0.5,openmeteo_archive
2024-04-04,0.0,0.0,0.0,0.0,openmeteo_archive
2024-04-05,0.0,0.0,0.2,0.2,openmeteo_archive
2024-04-06,0.0,0.2,0.0,0.2,openmeteo_archive
2024-04-07,0.2,0.0,0.1,0.3,openmeteo_archive
2024-04-08,0.0,0.1,14.1,14.2,openmeteo_archive
2024-04-09,0.1,14.1,8.8,23.0,openmeteo_archive
2024-04-10,14.1,8.8,1.6,24.5,openmeteo_archive
2024-04-11,8.8,1.6,0.4,10.8,openmeteo_archive
2024-04-12,1.6,0.4,2.4,4.4,openmeteo_archive
2024-04-13,0.4,2.4,0.0,2.8,openmeteo_archive
2024-04-14,2.4,0.0,0.0,2.4,openmeteo_archive
2024-04-15,0.0,0.0,0.0,0.0,openmeteo_archive
2024-04-16,0.0,0.0,0.0,0.0,openmeteo_archive
2024-04-17,0.0,0.0,0.4,0.4,openmeteo_archive
2024-04-18,0.0,0.4,0.4,0.8,openmeteo_archive
2024-04-19,0.4,0.4,0.1,0.9,openmeteo_archive
2024-04-20,0.4,0.1,0.0,0.5,openmeteo_archive
2024-04-21,0.1,0.0,0.1,0.2,openmeteo_archive
2024-04-22,0.0,0.1,0.0,0.1,openmeteo_archive
2024-04-23,0.1,0.0,0.0,0.1,openmeteo_archive
2024-04-24,0.0,0.0,0.2,0.2,openmeteo_archive
2024-04-25,0.0,0.2,0.4,0.6,openmeteo_archive
2024-04-26,0.2,0.4,1.2,1.8,openmeteo_archive
2024-04-27,0.4,1.2,1.6,3.2,openmeteo_archive
2024-04-28,1.2,1.6,0.0,2.8,openmeteo_archive
2024-04-29,1.6,0.0,0.0,1.6,openmeteo_archive
2024-04-30,0.0,0.0,0.0,0.0,openmeteo_archive
2024-05-01,0.0,0.0,0.0,0.0,openmeteo_archive
2024-05-02,0.0,0.0,3.9,3.9,openmeteo_archive
2024-05-03,0.0,3.9,2.3,6.2,openmeteo_archive
2024-05-04,3.9,2.3,4.5,10.7,openmeteo_archive
2024-05-05,2.3,4.5,16.3,23.1,openmeteo_archive
2024-05-06,4.5,16.3,10.3,31.1,openmeteo_archive
2024-05-07,16.3,10.3,1.0,27.6,openmeteo_archive
2024-05-08,10.3,1.0,17.6,28.9,openmeteo_archive
2024-05-09,1.0,17.6,6.8,25.4,openmeteo_archive
2024-05-10,17.6,6.8,8.3,32.7,openmeteo_archive
2024-05-11,6.8,8.3,7.3,22.4,openmeteo_archive
2024-05-12,8.3,7.3,23.2,38.8,openmeteo_archive
2024-05-13,7.3,23.2,74.1,104.6,openmeteo_archive
2024-05-14,23.2,74.1,34.8,132.1,openmeteo_archive
2024-05-15,74.1,34.8,44.2,153.1,openmeteo_archive
2024-05-16,34.8,44.2,23.6,102.6,openmeteo_archive
2024-05-17,44.2,23.6,41.2,109.0,openmeteo_archive
2024-05-18,23.6,41.2,31.2,96.0,openmeteo_archive
2024-05-19,41.2,31.2,6.4,78.8,openmeteo_archive
2024-05-20,31.2,6.4,34.4,72.0,openmeteo_archive
2024-05-21,6.4,34.4,18.5,59.3,openmeteo_archive
2024-05-22,34.4,18.5,20.9,73.8,openmeteo_archive
2024-05-23,18.5,20.9,0.7,40.1,openmeteo_archive
2024-05-24,20.9,0.7,0.0,21.6,openmeteo_archive
2024-05-25,0.7,0.0,0.0,0.7,openmeteo_archive
2024-05-26,0.0,0.0,0.0,0.0,openmeteo_archive
2024-05-27,0.0,0.0,0.2,0.2,openmeteo_archive
2024-05-28,0.0,0.2,12.3,12.5,openmeteo_archive
2024-05-29,0.2,12.3,26.0,38.5,openmeteo_archive
2024-05-30,12.3,26.0,7.7,46.0,openmeteo_archive
2024-05-31,26.0,7.7,9.1,42.8,openmeteo_archive
2024-06-01,7.7,9.1,6.3,23.1,openmeteo_archive
2024-06-02,9.1,6.3,15.0,30.4,openmeteo_archive
2024-06-03,6.3,15.0,27.3,48.6,openmeteo_archive
2024-06-04,15.0,27.3,4.7,47.0,openmeteo_archive
2024-06-05,27.3,4.7,2.1,34.1,openmeteo_archive
2024-06-06,4.7,2.1,0.0,6.8,openmeteo_archive
2024-06-07,2.1,0.0,0.5,2.6,openmeteo_archive
2024-06-08,0.0,0.5,0.7,1.2,openmeteo_archive
2024-06-09,0.5,0.7,0.5,1.7,openmeteo_archive
2024-06-10,0.7,0.5,0.1,1.3,openmeteo_archive
2024-06-11,0.5,0.1,0.0,0.6,openmeteo_archive
2024-06-12,0.1,0.0,0.0,0.1,openmeteo_archive
2024-06-13,0.0,0.0,0.2,0.2,openmeteo_archive
2024-06-14,0.0,0.2,0.0,0.2,openmeteo_archive
2024-06-15,0.2,0.0,4.2,4.4,openmeteo_archive
2024-06-16,0.0,4.2,11.4,15.6,openmeteo_archive
2024-06-17,4.2,11.4,0.6,16.2,openmeteo_archive
2024-06-18,11.4,0.6,1.4,13.4,openmeteo_archive
2024-06-19,0.6,1.4,0.0,2.0,openmeteo_archive
2024-06-20,1.4,0.0,0.9,2.3,openmeteo_archive
2024-06-21,0.0,0.9,0.6,1.5,openmeteo_archive
2024-06-22,0.9,0.6,0.5,2.0,openmeteo_archive
2024-06-23,0.6,0.5,2.2,3.3,openmeteo_archive
2024-06-24,0.5,2.2,0.0,2.7,openmeteo_archive
2024-06-25,2.2,0.0,0.0,2.2,openmeteo_archive
2024-06-26,0.0,0.0,0.2,0.2,openmeteo_archive
2024-06-27,0.0,0.2,6.6,6.8,openmeteo_archive
2024-06-28,0.2,6.6,0.5,7.3,openmeteo_archive
2024-06-29,6.6,0.5,0.2,7.3,openmeteo_archive
2024-06-30,0.5,0.2,0.5,1.2,openmeteo_archive
2024-07-01,0.2,0.5,5.0,5.7,openmeteo_archive
2024-07-02,0.5,5.0,5.2,10.7,openmeteo_archive
2024-07-03,5.0,5.2,0.0,10.2,openmeteo_archive
2024-07-04,5.2,0.0,0.4,5.6,openmeteo_archive
2024-07-05,0.0,0.4,0.0,0.4,openmeteo_archive
2024-07-06,0.4,0.0,0.6,1.0,openmeteo_archive
2024-07-07,0.0,0.6,0.3,0.9,openmeteo_archive
2024-07-08,0.6,0.3,0.3,1.2,openmeteo_archive
2024-07-09,0.3,0.3,4.7,5.3,openmeteo_archive
2024-07-10,0.3,4.7,0.9,5.9,openmeteo_archive
2024-07-11,4.7,0.9,1.1,6.7,openmeteo_archive
2024-07-12,0.9,1.1,3.1,5.1,openmeteo_archive
2024-07-13,1.1,3.1,6.6,10.8,openmeteo_archive
2024-07-14,3.1,6.6,0.5,10.2,openmeteo_archive
2024-07-15,6.6,0.5,1.0,8.1,openmeteo_archive
2024-07-16,0.5,1.0,0.0,1.5,openmeteo_archive
2024-07-17,1.0,0.0,0.0,1.0,openmeteo_archive
2024-07-18,0.0,0.0,0.0,0.0,openmeteo_archive
2024-07-19,0.0,0.0,0.0,0.0,openmeteo_archive
2024-07-20,0.0,0.0,0.4,0.4,openmeteo_archive
2024-07-21,0.0,0.4,0.6,1.0,openmeteo_archive
2024-07-22,0.4,0.6,0.9,1.9,openmeteo_archive
2024-07-23,0.6,0.9,0.8,2.3,openmeteo_archive
2024-07-24,0.9,0.8,0.2,1.9,openmeteo_archive
2024-07-25,0.8,0.2,0.0,1.0,openmeteo_archive
2024-07-26,0.2,0.0,0.1,0.3,openmeteo_archive
2024-07-27,0.0,0.1,5.4,5.5,openmeteo_archive
2024-07-28,0.1,5.4,4.1,9.6,openmeteo_archive
2024-07-29,5.4,4.1,5.0,14.5,openmeteo_archive
2024-07-30,4.1,5.0,0.8,9.9,openmeteo_archive
2024-07-31,5.0,0.8,0.4,6.2,openmeteo_archive
2024-08-01,0.8,0.4,0.2,1.4,openmeteo_archive
2024-08-02,0.4,0.2,22.0,22.6,openmeteo_archive
2024-08-03,0.2,22.0,5.7,27.9,openmeteo_archive
2024-08-04,22.0,5.7,1.6,29.3,openmeteo_archive
2024-08-05,5.7,1.6,5.0,12.3,openmeteo_archive
2024-08-06,1.6,5.0,13.2,19.8,openmeteo_archive
2024-08-07,5.0,13.2,1.5,19.7,openmeteo_archive
2024-08-08,13.2,1.5,8.8,23.5,openmeteo_archive
2024-08-09,1.5,8.8,4.4,14.7,openmeteo_archive
2024-08-10,8.8,4.4,2.3,15.5,openmeteo_archive
2024-08-11,4.4,2.3,4.1,10.8,openmeteo_archive
2024-08-12,2.3,4.1,1.5,7.9,openmeteo_archive
2024-08-13,4.1,1.5,2.2,7.8,openmeteo_archive
2024-08-14,1.5,2.2,11.6,15.3,openmeteo_archive
2024-08-15,2.2,11.6,2.6,16.4,openmeteo_archive
2024-08-16,11.6,2.6,14.9,29.1,openmeteo_archive
2024-08-17,2.6,14.9,5.3,22.8,openmeteo_archive
2024-08-18,14.9,5.3,7.9,28.1,openmeteo_archive
2024-08-19,5.3,7.9,0.0,13.2,openmeteo_archive
2024-08-20,7.9,0.0,0.0,7.9,openmeteo_archive
2024-08-21,0.0,0.0,0.1,0.1,openmeteo_archive
2024-08-22,0.0,0.1,0.0,0.1,openmeteo_archive
2024-08-23,0.1,0.0,0.1,0.2,openmeteo_archive
2024-08-24,0.0,0.1,3.6,3.7,openmeteo_archive
2024-08-25,0.1,3.6,0.3,4.0,openmeteo_archive
2024-08-26,3.6,0.3,19.5,23.4,openmeteo_archive
2024-08-27,0.3,19.5,1.6,21.4,openmeteo_archive
2024-08-28,19.5,1.6,1.7,22.8,openmeteo_archive
2024-08-29,1.6,1.7,0.3,3.6,openmeteo_archive
2024-08-30,1.7,0.3,0.3,2.3,openmeteo_archive
2024-08-31,0.3,0.3,1.1,1.7,openmeteo_archive
2024-09-01,0.3,1.1,0.9,2.3,openmeteo_archive
2024-09-02,1.1,0.9,0.5,2.5,openmeteo_archive
2024-09-03,0.9,0.5,1.6,3.0,openmeteo_archive
2024-09-04,0.5,1.6,0.7,2.8,openmeteo_archive
2024-09-05,1.6,0.7,0.9,3.2,openmeteo_archive
2024-09-06,0.7,0.9,0.8,2.4,openmeteo_archive
2024-09-07,0.9,0.8,0.0,1.7,openmeteo_archive
2024-09-08,0.8,0.0,0.5,1.3,openmeteo_archive
2024-09-09,0.0,0.5,0.3,0.8,openmeteo_archive
2024-09-10,0.5,0.3,1.2,2.0,openmeteo_archive
2024-09-11,0.3,1.2,0.3,1.8,openmeteo_archive
2024-09-12,1.2,0.3,0.5,2.0,openmeteo_archive
2024-09-13,0.3,0.5,0.0,0.8,openmeteo_archive
2024-09-14,0.5,0.0,1.6,2.1,openmeteo_archive
2024-09-15,0.0,1.6,0.0,1.6,openmeteo_archive
2024-09-16,1.6,0.0,0.5,2.1,openmeteo_archive
2024-09-17,0.0,0.5,0.0,0.5,openmeteo_archive
2024-09-18,0.5,0.0,0.0,0.5,openmeteo_archive
2024-09-19,0.0,0.0,0.0,0.0,openmeteo_archive
2024-09-20,0.0,0.0,0.5,0.5,openmeteo_archive
2024-09-21,0.0,0.5,0.1,0.6,openmeteo_archive
2024-09-22,0.5,0.1,0.0,0.6,openmeteo_archive
2024-09-23,0.1,0.0,3.6,3.7,openmeteo_archive
2024-09-24,0.0,3.6,14.1,17.7,openmeteo_archive
2024-09-25,3.6,14.1,3.5,21.2,openmeteo_archive
2024-09-26,14.1,3.5,5.2,22.8,openmeteo_archive
2024-09-27,3.5,5.2,1.6,10.3,openmeteo_archive
2024-09-28,5.2,1.6,2.3,9.1,openmeteo_archive
2024-09-29,1.6,2.3,0.8,4.7,openmeteo_archive
2024-09-30,2.3,0.8,4.2,7.3,openmeteo_archive
2024-10-01,0.8,4.2,17.6,22.6,openmeteo_archive
2024-10-02,4.2,17.6,4.4,26.2,openmeteo_archive
2024-10-03,17.6,4.4,2.1,24.1,openmeteo_archive
2024-10-04,4.4,2.1,7.8,14.3,openmeteo_archive
2024-10-05,2.1,7.8,5.0,14.9,openmeteo_archive
2024-10-06,7.8,5.0,13.1,25.9,openmeteo_archive
2024-10-07,5.0,13.1,16.2,34.3,openmeteo_archive
2024-10-08,13.1,16.2,10.7,40.0,openmeteo_archive
2024-10-09,16.2,10.7,30.7,57.6,openmeteo_archive
2024-10-10,10.7,30.7,30.1,71.5,openmeteo_archive
2024-10-11,30.7,30.1,21.4,82.2,openmeteo_archive
2024-10-12,30.1,21.4,10.3,61.8,openmeteo_archive
2024-10-13,21.4,10.3,1.6,33.3,openmeteo_archive
2024-10-14,10.3,1.6,0.6,12.5,openmeteo_archive
2024-10-15,1.6,0.6,2.5,4.7,openmeteo_archive
2024-10-16,0.6,2.5,18.8,21.9,openmeteo_archive
2024-10-17,2.5,18.8,12.0,33.3,openmeteo_archive
2024-10-18,18.8,12.0,4.0,34.8,openmeteo_archive
2024-10-19,12.0,4.0,14.8,30.8,openmeteo_archive
2024-10-20,4.0,14.8,1.8,20.6,openmeteo_archive
2024-10-21,14.8,1.8,10.8,27.4,openmeteo_archive
2024-10-22,1.8,10.8,1.0,13.6,openmeteo_archive
2024-10-23,10.8,1.0,0.2,12.0,openmeteo_archive
2024-10-24,1.0,0.2,0.1,1.3,openmeteo_archive
2024-10-25,0.2,0.1,0.7,1.0,openmeteo_archive
2024-10-26,0.1,0.7,0.7,1.5,openmeteo_archive
2024-10-27,0.7,0.7,3.6,5.0,openmeteo_archive
2024-10-28,0.7,3.6,3.3,7.6,openmeteo_archive
2024-10-29,3.6,3.3,9.6,16.5,openmeteo_archive
2024-10-30,3.3,9.6,9.7,22.6,openmeteo_archive
2024-10-31,9.6,9.7,3.3,22.6,openmeteo_archive
2024-11-01,9.7,3.3,3.3,16.3,openmeteo_archive
2024-11-02,3.3,3.3,0.7,7.3,openmeteo_archive
2024-11-03,3.3,0.7,0.6,4.6,openmeteo_archive
2024-11-04,0.7,0.6,11.2,12.5,openmeteo_archive
2024-11-05,0.6,11.2,0.7,12.5,openmeteo_archive
2024-11-06,11.2,0.7,1.0,12.9,openmeteo_archive
2024-11-07,0.7,1.0,0.3,2.0,openmeteo_archive
2024-11-08,1.0,0.3,0.0,1.3,openmeteo_archive
2024-11-09,0.3,0.0,1.7,2.0,openmeteo_archive
2024-11-10,0.0,1.7,12.1,13.8,openmeteo_archive
2024-11-11,1.7,12.1,24.1,37.9,openmeteo_archive
2024-11-12,12.1,24.1,39.2,75.4,openmeteo_archive
2024-11-13,24.1,39.2,35.7,99.0,openmeteo_archive
2024-11-14,39.2,35.7,13.7,88.6,openmeteo_archive
2024-11-15,35.7,13.7,20.5,69.9,openmeteo_archive
2024-11-16,13.7,20.5,1.0,35.2,openmeteo_archive
2024-11-17,20.5,1.0,33.5,55.0,openmeteo_archive
2024-11-18,1.0,33.5,1.5,36.0,openmeteo_archive
2024-11-19,33.5,1.5,0.0,35.0,openmeteo_archive
2024-11-20,1.5,0.0,1.9,3.4,openmeteo_archive
2024-11-21,0.0,1.9,1.5,3.4,openmeteo_archive
2024-11-22,1.9,1.5,1.5,4.9,openmeteo_archive
2024-11-23,1.5,1.5,38.4,41.4,openmeteo_archive
2024-11-24,1.5,38.4,37.4,77.3,openmeteo_archive
2024-11-25,38.4,37.4,5.8,81.6,openmeteo_archive
2024-11-26,37.4,5.8,1.8,45.0,openmeteo_archive
2024-11-27,5.8,1.8,45.1,52.7,openmeteo_archive
2024-11-28,1.8,45.1,76.3,123.2,openmeteo_archive
2024-11-29,45.1,76.3,7.9,129.3,openmeteo_archive
2024-11-30,76.3,7.9,6.7,90.9,openmeteo_archive
2024-12-01,7.9,6.7,1.4,16.0,openmeteo_archive
2024-12-02,6.7,1.4,2.4,10.5,openmeteo_archive
2024-12-03,1.4,2.4,1.5,5.3,openmeteo_archive
2024-12-04,2.4,1.5,1.1,5.0,openmeteo_archive
2024-12-05,1.5,1.1,0.3,2.9,openmeteo_archive
2024-12-06,1.1,0.3,1.2,2.6,openmeteo_archive
2024-12-07,0.3,1.2,3.3,4.8,openmeteo_archive
2024-12-08,1.2,3.3,36.4,40.9,openmeteo_archive
2024-12-09,3.3,36.4,46.9,86.6,openmeteo_archive
2024-12-10,36.4,46.9,37.6,120.9,openmeteo_archive
2024-12-11,46.9,37.6,4.8,89.3,openmeteo_archive
2024-12-12,37.6,4.8,0.2,42.6,openmeteo_archive
2024-12-13,4.8,0.2,0.3,5.3,openmeteo_archive
2024-12-14,0.2,0.3,2.1,2.6,openmeteo_archive
2024-12-15,0.3,2.1,0.1,2.5,openmeteo_archive
2024-12-16,2.1,0.1,10.0,12.2,openmeteo_archive
2024-12-17,0.1,10.0,13.7,23.8,openmeteo_archive
2024-12-18,10.0,13.7,5.0,28.7,openmeteo_archive
2024-12-19,13.7,5.0,1.5,20.2,openmeteo_archive
2024-12-20,5.0,1.5,0.0,6.5,openmeteo_archive
2024-12-21,1.5,0.0,0.0,1.5,openmeteo_archive
2024-12-22,0.0,0.0,0.4,0.4,openmeteo_archive
2024-12-23,0.0,0.4,5.2,5.6,openmeteo_archive
2024-12-24,0.4,5.2,15.2,20.8,openmeteo_archive
2024-12-25,5.2,15.2,2.2,22.6,openmeteo_archive
2024-12-26,15.2,2.2,1.6,19.0,openmeteo_archive
2024-12-27,2.2,1.6,8.0,11.8,openmeteo_archive
2024-12-28,1.6,8.0,1.4,11.0,openmeteo_archive
